"Fecha","Último","Apertura","Máximo","Mínimo","% var."
"18.08.2023","62,875","63,250","63,250","62,875","-0,59%"
"17.08.2023","63,250","63,875","63,875","63,250","-0,98%"
"16.08.2023","63,875","63,875","63,875","63,875","0,00%"
"15.08.2023","63,875","64,875","64,875","63,875","-1,54%"
"14.08.2023","64,875","65,000","65,000","64,875","-0,19%"
"11.08.2023","65,000","65,000","65,000","65,000","0,00%"
"10.08.2023","65,000","65,625","65,625","65,000","-0,95%"
"09.08.2023","65,625","66,000","66,000","65,625","-0,57%"
"08.08.2023","66,000","66,500","66,500","66,000","-0,75%"
"07.08.2023","66,500","66,250","66,500","66,250","0,38%"
"04.08.2023","66,250","66,875","66,875","66,250","-0,93%"
"03.08.2023","66,875","67,250","67,250","66,875","-0,56%"
"02.08.2023","67,250","68,000","68,000","67,250","-1,10%"
"01.08.2023","68,000","68,875","68,875","68,000","-1,27%"
"31.07.2023","68,875","68,875","68,875","68,875","0,00%"
"28.07.2023","68,875","68,625","68,875","68,625","0,36%"
"27.07.2023","68,625","68,250","68,625","68,250","0,55%"
"26.07.2023","68,250","67,875","68,250","67,875","0,55%"
"25.07.2023","67,875","68,500","68,500","67,875","-0,37%"
"24.07.2023","68,125","67,375","68,500","67,375","1,11%"
"21.07.2023","67,375","67,750","67,750","67,375","-0,55%"
"20.07.2023","67,750","68,000","68,000","67,750","-0,37%"
"19.07.2023","68,000","67,750","68,000","67,750","0,37%"
"18.07.2023","67,750","67,250","67,750","67,250","0,74%"
"17.07.2023","67,250","66,375","67,250","66,375","1,32%"
"14.07.2023","66,375","66,000","66,375","66,000","0,57%"
"13.07.2023","66,000","63,375","66,000","63,375","4,14%"
"12.07.2023","63,375","63,000","63,375","63,000","0,60%"
"11.07.2023","63,000","63,000","63,000","63,000","0,00%"
"10.07.2023","63,000","62,875","63,000","62,875","0,20%"
"07.07.2023","62,875","63,125","63,125","62,875","-0,40%"
"06.07.2023","63,125","63,125","63,125","63,125","0,00%"
"05.07.2023","63,125","63,625","63,625","63,125","-0,79%"
"04.07.2023","63,625","63,625","63,625","63,625","0,00%"
"03.07.2023","63,625","63,375","63,625","63,375","0,39%"
"30.06.2023","63,375","63,125","63,375","63,125","0,40%"
"29.06.2023","63,125","63,875","63,875","63,125","-1,17%"
"28.06.2023","63,875","63,500","63,875","63,500","0,59%"
"27.06.2023","63,500","63,750","63,750","63,500","-0,39%"
"26.06.2023","63,750","63,500","63,750","63,500","0,39%"
"23.06.2023","63,500","63,750","63,750","63,500","-0,39%"
"22.06.2023","63,750","64,125","64,125","63,750","-0,58%"
"21.06.2023","64,125","64,250","64,250","64,125","-0,19%"
"20.06.2023","64,250","64,125","64,250","64,125","0,19%"
"19.06.2023","64,125","64,125","64,125","64,125","0,00%"
"16.06.2023","64,125","64,125","64,125","64,125","0,00%"
"15.06.2023","64,125","64,625","64,625","64,125","-0,77%"
"14.06.2023","64,625","64,000","64,625","64,000","0,98%"
"13.06.2023","64,000","63,750","64,000","63,750","0,39%"
"12.06.2023","63,750","62,875","63,750","62,875","1,39%"
"09.06.2023","62,875","62,500","62,875","62,500","0,60%"
"08.06.2023","62,500","62,000","62,500","62,000","0,81%"
"07.06.2023","62,000","62,000","62,000","62,000","0,00%"
"06.06.2023","62,000","59,750","62,000","59,750","3,77%"
"05.06.2023","59,750","59,750","59,750","59,750","0,00%"
"02.06.2023","59,750","59,875","59,875","59,750","-0,21%"
"01.06.2023","59,875","59,750","59,875","59,750","0,21%"
"31.05.2023","59,750","59,500","59,750","59,500","0,42%"
"30.05.2023","59,500","60,375","60,375","59,500","-1,45%"
"29.05.2023","60,375","60,375","60,375","60,375","0,00%"
"26.05.2023","60,375","59,625","60,375","59,625","1,26%"
"25.05.2023","59,625","59,750","59,750","59,625","-0,21%"
"24.05.2023","59,750","60,625","60,625","59,750","-1,44%"
"23.05.2023","60,625","60,500","60,625","60,500","0,21%"
"22.05.2023","60,500","60,125","60,500","60,125","0,62%"
"19.05.2023","60,125","59,875","60,125","59,875","0,42%"
"18.05.2023","59,875","60,875","60,875","59,875","-1,64%"
"17.05.2023","60,875","61,000","61,000","60,875","-0,20%"
"16.05.2023","61,000","60,625","61,000","60,625","0,62%"
"15.05.2023","60,625","60,750","60,750","60,625","-0,21%"
"12.05.2023","60,750","60,000","60,750","60,000","1,25%"
"11.05.2023","60,000","59,500","60,000","59,500","0,84%"
"10.05.2023","59,500","59,000","59,500","59,000","0,85%"
"09.05.2023","59,000","58,500","59,000","58,500","0,85%"
"08.05.2023","58,500","58,000","58,500","58,000","0,86%"
"05.05.2023","58,000","56,000","58,000","56,000","3,57%"
"04.05.2023","56,000","56,125","56,125","56,000","-0,22%"
"03.05.2023","56,125","56,750","56,750","56,125","-1,10%"
"02.05.2023","56,750","56,375","56,750","56,375","0,67%"
"01.05.2023","56,375","57,250","57,250","56,375","-1,53%"
"28.04.2023","57,250","59,125","59,125","57,250","-3,17%"
"27.04.2023","59,125","59,750","59,750","59,125","-1,05%"
"26.04.2023","59,750","59,625","59,750","59,625","0,21%"
"25.04.2023","59,625","61,000","61,000","59,625","10,93%"
"24.04.2023","53,750","53,750","61,000","53,750","0,00%"
"21.04.2023","53,750","53,000","53,750","53,000","1,42%"
"20.04.2023","53,000","50,500","53,000","50,500","4,95%"
"19.04.2023","50,500","48,000","50,500","48,000","5,21%"
"18.04.2023","48,000","48,000","48,000","48,000","0,00%"
"17.04.2023","48,000","46,000","48,000","46,000","4,35%"
"14.04.2023","46,000","46,375","46,375","46,000","-0,81%"
"13.04.2023","46,375","46,750","46,750","46,375","-0,80%"
"12.04.2023","46,750","47,375","47,375","46,750","-1,32%"
"11.04.2023","47,375","48,000","48,000","47,375","-1,30%"
"10.04.2023","48,000","48,500","48,500","48,000","-1,03%"
"07.04.2023","48,500","48,500","48,500","48,500","0,00%"
"06.04.2023","48,500","49,500","49,500","48,500","-2,02%"
"05.04.2023","49,500","51,000","51,000","49,500","-2,94%"
"04.04.2023","51,000","51,750","51,750","51,000","-1,45%"
"03.04.2023","51,750","52,750","52,750","51,750","-1,90%"
"31.03.2023","52,750","52,750","52,750","52,750","0,00%"
"30.03.2023","52,750","54,250","54,250","52,750","-2,76%"
"29.03.2023","54,250","55,125","55,125","54,250","-1,59%"
"28.03.2023","55,125","57,750","57,750","55,125","-4,55%"
"27.03.2023","57,750","57,250","57,750","57,250","0,87%"
"24.03.2023","57,250","56,875","57,250","56,875","0,66%"
"23.03.2023","56,875","57,000","57,000","56,875","-0,22%"
"22.03.2023","57,000","58,000","58,000","57,000","-1,72%"
"21.03.2023","58,000","61,625","61,625","58,000","-5,88%"
"20.03.2023","61,625","61,625","61,625","61,625","0,00%"
"17.03.2023","61,625","61,500","61,625","61,500","0,20%"
"16.03.2023","61,500","64,125","64,125","61,500","-4,09%"
"15.03.2023","64,125","64,125","64,125","64,125","0,00%"
"14.03.2023","64,125","64,500","64,500","64,125","-0,58%"
"13.03.2023","64,500","67,000","67,000","64,500","-3,73%"
"10.03.2023","67,000","66,500","67,000","66,500","0,75%"
"09.03.2023","66,500","69,500","69,500","66,500","-4,32%"
"08.03.2023","69,500","69,875","69,875","69,500","-0,54%"
"07.03.2023","69,875","69,875","69,875","69,875","0,00%"
"06.03.2023","69,875","69,750","69,875","69,750","0,18%"
"03.03.2023","69,750","69,875","69,875","69,750","-0,18%"
"02.03.2023","69,875","70,375","70,375","69,875","-0,71%"
"01.03.2023","70,375","71,000","71,000","70,375","-0,88%"
"28.02.2023","71,000","71,000","71,000","71,000","0,00%"
"27.02.2023","71,000","70,625","71,000","70,625","0,53%"
"24.02.2023","70,625","70,500","70,625","70,500","0,18%"
"23.02.2023","70,500","70,875","70,875","70,500","-0,53%"
"22.02.2023","70,875","71,250","71,250","70,875","-0,53%"
"21.02.2023","71,250","71,625","71,625","71,250","-0,52%"
"20.02.2023","71,625","71,625","71,625","71,625","0,00%"
"17.02.2023","71,625","72,000","72,000","71,625","-0,52%"
"16.02.2023","72,000","71,875","72,000","71,875","0,17%"
"15.02.2023","71,875","72,125","72,125","71,875","-0,35%"
"14.02.2023","72,125","72,500","72,500","72,125","-0,52%"
"13.02.2023","72,500","73,000","73,000","72,500","-0,68%"
"10.02.2023","73,000","74,500","74,500","73,000","-2,01%"
"09.02.2023","74,500","74,500","74,500","74,500","0,00%"
"08.02.2023","74,500","74,750","74,750","74,500","-0,33%"
"07.02.2023","74,750","75,000","75,000","74,750","-0,33%"
"06.02.2023","75,000","76,125","76,125","75,000","-1,48%"
"03.02.2023","76,125","75,875","76,125","75,875","0,33%"
"02.02.2023","75,875","75,875","75,875","75,875","0,00%"
"01.02.2023","75,875","76,500","76,500","75,875","-0,82%"
"31.01.2023","76,500","76,750","76,750","76,500","-0,33%"
"30.01.2023","76,750","76,500","76,750","76,500","0,33%"
"27.01.2023","76,500","76,750","76,750","76,500","-0,33%"
"26.01.2023","76,750","76,750","76,750","76,750","0,00%"
"25.01.2023","76,750","77,875","77,875","76,750","-1,44%"
"24.01.2023","77,875","76,625","77,875","76,625","1,63%"
"23.01.2023","76,625","76,750","76,750","76,625","-0,16%"
"20.01.2023","76,750","76,375","76,750","76,375","0,49%"
"19.01.2023","76,375","75,625","76,375","75,625","0,99%"
"18.01.2023","75,625","75,500","75,625","75,500","0,17%"
"17.01.2023","75,500","72,000","75,500","72,000","4,86%"
"16.01.2023","72,000","72,000","72,000","72,000","-4,48%"
"13.01.2023","75,375","73,000","75,375","72,000","3,25%"
"12.01.2023","73,000","77,875","77,875","73,000","-6,26%"
"11.01.2023","77,875","78,625","78,625","77,875","-0,95%"
"10.01.2023","78,625","79,500","79,500","78,625","-1,10%"
"09.01.2023","79,500","79,500","79,500","79,500","0,00%"
"06.01.2023","79,500","80,375","80,375","79,500","-1,09%"
"05.01.2023","80,375","80,375","80,375","80,375","0,00%"
"04.01.2023","80,375","80,875","80,875","80,375","-0,62%"
"03.01.2023","80,875","80,375","80,875","80,375","0,62%"
"02.01.2023","80,375","80,375","80,375","80,375","0,00%"
"30.12.2022","80,375","80,500","80,500","80,375","-0,16%"
"29.12.2022","80,500","80,500","80,500","80,500","0,00%"
"28.12.2022","80,500","80,500","80,500","80,500","0,00%"
"27.12.2022","80,500","81,000","81,000","80,500","-0,62%"
"26.12.2022","81,000","81,000","81,000","81,000","0,00%"
"23.12.2022","81,000","80,875","81,000","80,875","0,15%"
"22.12.2022","80,875","80,875","80,875","80,875","0,00%"
"21.12.2022","80,875","80,375","80,875","80,375","0,62%"
"20.12.2022","80,375","80,875","80,875","80,375","-0,62%"
"19.12.2022","80,875","80,250","80,875","80,250","0,78%"
"16.12.2022","80,250","80,500","80,500","80,250","-0,31%"
"15.12.2022","80,500","80,125","80,500","80,125","0,47%"
"14.12.2022","80,125","79,750","80,125","79,750","0,47%"
"13.12.2022","79,750","79,750","79,750","79,750","0,00%"
"12.12.2022","79,750","79,125","79,750","79,125","0,79%"
"09.12.2022","79,125","78,875","79,125","78,875","0,32%"
"08.12.2022","78,875","79,000","79,000","78,875","-0,16%"
"07.12.2022","79,000","78,500","79,000","78,500","0,64%"
"06.12.2022","78,500","78,250","78,500","78,250","0,32%"
"05.12.2022","78,250","78,750","78,750","78,250","-0,63%"
"02.12.2022","78,750","77,750","78,750","77,750","1,29%"
"01.12.2022","77,750","78,000","78,000","77,750","0,00%"
"30.11.2022","77,750","77,250","78,000","77,250","0,65%"
"29.11.2022","77,250","77,250","77,250","77,250","0,16%"
"28.11.2022","77,125","77,125","77,250","77,125","0,00%"
"25.11.2022","77,125","77,250","77,250","77,125","-0,16%"
"24.11.2022","77,250","77,250","77,250","77,250","0,00%"
"23.11.2022","77,250","77,000","77,250","77,000","0,32%"
"22.11.2022","77,000","77,000","77,000","77,000","0,49%"
"21.11.2022","76,625","77,250","77,250","76,625","-0,81%"
"18.11.2022","77,250","77,000","77,250","77,000","-0,16%"
"17.11.2022","77,375","76,500","77,375","76,500","1,14%"
"16.11.2022","76,500","76,125","76,500","76,125","0,49%"
"15.11.2022","76,125","76,125","76,125","76,125","0,00%"
"14.11.2022","76,125","76,125","76,125","76,125","0,00%"
"11.11.2022","76,125","75,500","76,125","75,500","0,83%"
"10.11.2022","75,500","76,375","76,375","75,500","-1,15%"
"09.11.2022","76,375","76,750","76,750","76,375","-0,49%"
"08.11.2022","76,750","76,375","76,750","76,375","0,49%"
"07.11.2022","76,375","76,500","76,500","76,375","-0,16%"
"04.11.2022","76,500","78,375","78,375","76,500","-2,39%"
"03.11.2022","78,375","77,750","78,375","77,750","0,80%"
"02.11.2022","77,750","78,000","78,000","77,750","-0,32%"
"01.11.2022","78,000","78,625","78,625","78,000","-0,79%"
"31.10.2022","78,625","78,625","78,625","78,625","0,00%"
"28.10.2022","78,625","78,750","78,750","78,625","-0,16%"
"27.10.2022","78,750","77,750","78,750","77,750","1,29%"
"26.10.2022","77,750","77,750","77,750","77,750","0,00%"
"25.10.2022","77,750","77,625","77,750","77,625","0,16%"
"24.10.2022","77,625","77,625","77,625","77,625","0,00%"
"21.10.2022","77,625","77,875","77,875","77,625","-0,32%"
"20.10.2022","77,875","77,875","77,875","77,875","0,00%"
"19.10.2022","77,875","77,625","77,875","77,625","0,32%"
"18.10.2022","77,625","77,500","77,625","77,500","0,16%"
"17.10.2022","77,500","77,250","77,500","77,250","0,32%"
"14.10.2022","77,250","77,875","77,875","77,250","-0,80%"
"13.10.2022","77,875","78,375","78,375","77,875","-0,64%"
"12.10.2022","78,375","78,500","78,500","78,375","-0,16%"
"11.10.2022","78,500","78,500","78,500","78,500","0,00%"
"10.10.2022","78,500","78,500","78,500","78,500","0,00%"
"07.10.2022","78,500","78,500","78,500","78,500","0,00%"
"06.10.2022","78,500","78,875","78,875","78,500","-0,48%"
"05.10.2022","78,875","78,500","78,875","78,500","0,48%"
"04.10.2022","78,500","78,250","78,500","78,250","0,32%"
"03.10.2022","78,250","78,000","78,250","78,000","0,32%"
"30.09.2022","78,000","78,250","78,250","78,000","-0,32%"
"29.09.2022","78,250","78,500","78,500","78,250","-0,32%"
"28.09.2022","78,500","79,125","79,125","78,500","-0,79%"
"27.09.2022","79,125","79,500","79,500","79,125","-0,47%"
"26.09.2022","79,500","79,875","79,875","79,500","-0,47%"
"23.09.2022","79,875","80,125","80,125","79,875","-0,31%"
"22.09.2022","80,125","79,750","80,125","79,750","0,47%"
"21.09.2022","79,750","79,875","79,875","79,750","-0,16%"
"20.09.2022","79,875","80,000","80,000","79,875","-0,16%"
"19.09.2022","80,000","79,875","80,000","79,875","0,16%"
"16.09.2022","79,875","79,750","79,875","79,750","0,16%"
"15.09.2022","79,750","80,125","80,125","79,750","-0,47%"
"14.09.2022","80,125","80,500","80,500","80,125","-0,47%"
"13.09.2022","80,500","80,250","80,500","80,250","0,31%"
"12.09.2022","80,250","80,250","80,250","80,250","0,00%"
"09.09.2022","80,250","79,625","80,250","79,625","0,78%"
"08.09.2022","79,625","79,875","79,875","79,625","-0,31%"
"07.09.2022","79,875","80,375","80,375","79,875","-0,62%"
"06.09.2022","80,375","79,750","80,375","79,750","0,78%"
"05.09.2022","79,750","79,750","79,750","79,750","0,00%"
"02.09.2022","79,750","79,625","79,750","79,625","0,16%"
"01.09.2022","79,625","79,375","79,625","79,375","0,31%"
"31.08.2022","79,375","79,750","79,750","79,375","-0,47%"
"30.08.2022","79,750","79,625","79,750","79,625","0,16%"
"29.08.2022","79,625","79,625","79,625","79,625","0,00%"
"26.08.2022","79,625","79,375","79,625","79,375","0,31%"
"25.08.2022","79,375","79,375","79,375","79,375","0,00%"
"24.08.2022","79,375","79,500","79,500","79,375","-0,16%"
"23.08.2022","79,500","79,750","79,750","79,500","-0,31%"
"22.08.2022","79,750","80,000","80,000","79,750","-0,31%"
"19.08.2022","80,000","80,125","80,125","80,000","-0,16%"
"18.08.2022","80,125","80,250","80,250","80,125","-0,16%"
"17.08.2022","80,250","79,625","80,250","79,625","0,78%"
"16.08.2022","79,625","79,375","79,625","79,375","0,31%"
"15.08.2022","79,375","79,375","79,375","79,375","0,00%"
"12.08.2022","79,375","79,625","79,625","79,375","-0,31%"
"11.08.2022","79,625","79,625","79,625","79,625","0,00%"
"10.08.2022","79,625","79,750","79,750","79,625","-0,16%"
"09.08.2022","79,750","79,750","79,750","79,750","0,00%"
"08.08.2022","79,750","79,625","79,750","79,625","0,16%"
"05.08.2022","79,625","80,000","80,000","79,625","-0,47%"
"04.08.2022","80,000","80,500","80,500","80,000","-0,62%"
"03.08.2022","80,500","80,500","80,500","80,500","0,00%"
"02.08.2022","80,500","80,500","80,500","80,500","0,00%"
"01.08.2022","80,500","80,250","80,500","80,250","0,31%"
"29.07.2022","80,250","79,000","80,250","79,000","1,58%"
"28.07.2022","79,000","79,000","79,000","79,000","0,00%"
"27.07.2022","79,000","79,125","79,125","79,000","-0,16%"
"26.07.2022","79,125","77,875","79,125","77,875","1,61%"
"25.07.2022","77,875","79,250","79,250","77,875","-1,74%"
"22.07.2022","79,250","79,250","79,250","79,250","0,00%"
"21.07.2022","79,250","79,250","79,250","79,250","0,00%"
"20.07.2022","79,250","78,125","79,250","78,125","1,44%"
"19.07.2022","78,125","78,125","78,125","78,125","0,00%"
"18.07.2022","78,125","77,250","78,125","77,250","1,13%"
"15.07.2022","77,250","77,250","77,250","77,250","0,00%"
"14.07.2022","77,250","77,250","77,250","77,250","0,00%"
"13.07.2022","77,250","77,000","77,250","77,000","0,32%"
"12.07.2022","77,000","77,125","77,125","77,000","-0,16%"
"11.07.2022","77,125","77,125","77,125","77,125","0,00%"
"08.07.2022","77,125","77,125","77,125","77,125","0,00%"
"07.07.2022","77,125","75,750","77,125","75,750","1,82%"
"06.07.2022","75,750","77,125","77,125","75,750","-1,78%"
"05.07.2022","77,125","76,875","77,125","76,875","0,33%"
"04.07.2022","76,875","76,875","76,875","76,875","0,00%"
"01.07.2022","76,875","77,125","77,125","76,875","-0,32%"
"30.06.2022","77,125","77,375","77,375","77,125","-0,32%"
"29.06.2022","77,375","77,500","77,500","77,375","-0,16%"
"28.06.2022","77,500","77,875","77,875","77,500","-0,48%"
"27.06.2022","77,875","78,250","78,250","77,875","-0,48%"
"24.06.2022","78,250","78,000","78,250","78,000","0,32%"
"23.06.2022","78,000","77,875","78,000","77,875","0,16%"
"22.06.2022","77,875","78,125","78,125","77,875","-0,32%"
"21.06.2022","78,125","78,000","78,125","78,000","0,16%"
"20.06.2022","78,000","78,000","78,000","78,000","0,00%"
"17.06.2022","78,000","79,250","79,250","78,000","-1,58%"
"16.06.2022","79,250","79,250","79,250","79,250","0,00%"
"15.06.2022","79,250","78,750","79,250","78,750","0,63%"
"14.06.2022","78,750","78,375","78,750","78,375","0,48%"
"13.06.2022","78,375","80,000","80,000","78,375","-2,03%"
"10.06.2022","80,000","80,750","80,750","80,000","-0,93%"
"09.06.2022","80,750","80,875","80,875","80,750","-0,15%"
"08.06.2022","80,875","80,750","80,875","80,750","0,15%"
"07.06.2022","80,750","81,250","81,250","80,750","-0,62%"
"06.06.2022","81,250","81,000","81,250","81,000","0,31%"
"03.06.2022","81,000","81,250","81,250","81,000","-0,31%"
"02.06.2022","81,250","81,125","81,250","81,125","0,15%"
"01.06.2022","81,125","81,375","81,375","81,125","-0,31%"
"31.05.2022","81,375","81,625","81,625","81,375","-0,31%"
"30.05.2022","81,625","81,125","81,625","81,125","0,62%"
"27.05.2022","81,125","81,125","81,125","81,125","0,00%"
"26.05.2022","81,125","80,500","81,125","80,500","0,78%"
"25.05.2022","80,500","80,125","80,500","80,125","0,47%"
"24.05.2022","80,125","80,125","80,125","80,125","0,00%"
"23.05.2022","80,125","80,375","80,375","80,125","-0,31%"
"20.05.2022","80,375","80,500","80,500","80,375","-0,16%"
"19.05.2022","80,500","80,875","80,875","80,500","-0,46%"
"18.05.2022","80,875","81,500","81,500","80,875","-0,77%"
"17.05.2022","81,500","81,500","81,500","81,500","0,00%"
"16.05.2022","81,500","81,875","81,875","81,500","-0,46%"
"13.05.2022","81,875","81,875","81,875","81,875","0,00%"
"12.05.2022","81,875","81,875","81,875","81,875","0,00%"
"11.05.2022","81,875","82,000","82,000","81,875","-0,15%"
"10.05.2022","82,000","82,000","82,000","82,000","0,00%"
"09.05.2022","82,000","83,000","83,000","82,000","-5,34%"
"06.05.2022","86,625","83,625","86,625","83,000","3,59%"
"05.05.2022","83,625","84,125","84,125","83,625","-0,15%"
"04.05.2022","83,750","83,875","84,125","83,750","-0,15%"
"03.05.2022","83,875","84,500","84,500","83,875","-0,74%"
"02.05.2022","84,500","85,250","85,250","84,500","-0,88%"
"29.04.2022","85,250","85,625","85,625","85,250","-0,44%"
"28.04.2022","85,625","85,500","85,625","85,500","0,15%"
"27.04.2022","85,500","85,375","85,500","85,375","0,15%"
"26.04.2022","85,375","85,375","85,375","85,375","0,00%"
"25.04.2022","85,375","86,375","86,375","85,375","-0,58%"
"22.04.2022","85,875","88,250","88,250","85,875","-2,69%"
"21.04.2022","88,250","88,250","88,250","88,250","0,00%"
"20.04.2022","88,250","86,125","88,250","86,125","2,47%"
"19.04.2022","86,125","88,250","88,250","86,125","-2,41%"
"18.04.2022","88,250","86,000","88,250","86,000","2,62%"
"15.04.2022","86,000","86,000","86,000","86,000","0,00%"
"14.04.2022","86,000","85,875","86,125","85,875","0,15%"
"13.04.2022","85,875","86,250","86,250","85,875","-0,43%"
"12.04.2022","86,250","85,875","86,250","85,875","0,44%"
"11.04.2022","85,875","85,875","85,875","85,875","0,00%"
"08.04.2022","85,875","86,250","86,250","85,875","-0,43%"
"07.04.2022","86,250","86,250","86,250","86,250","0,00%"
"06.04.2022","86,250","86,750","86,750","86,250","-0,58%"
"05.04.2022","86,750","86,750","86,750","86,750","0,00%"
"04.04.2022","86,750","86,875","86,875","86,750","-0,14%"
"01.04.2022","86,875","86,875","86,875","86,875","0,00%"
"31.03.2022","86,875","87,000","87,000","86,875","-0,14%"
"30.03.2022","87,000","86,875","87,000","86,875","0,14%"
"29.03.2022","86,875","87,000","87,000","86,875","-0,14%"
"28.03.2022","87,000","87,250","87,250","87,000","-0,29%"
"25.03.2022","87,250","87,250","87,250","87,250","0,00%"
"24.03.2022","87,250","87,250","87,250","87,250","0,00%"
"23.03.2022","87,250","87,250","87,250","87,250","0,00%"
"22.03.2022","87,250","87,000","87,250","87,000","0,29%"
"21.03.2022","87,000","86,750","87,000","86,750","0,29%"
"18.03.2022","86,750","86,750","86,750","86,750","0,00%"
"17.03.2022","86,750","86,125","86,750","86,125","0,73%"
"16.03.2022","86,125","85,750","86,125","85,750","0,44%"
"15.03.2022","85,750","85,750","85,750","85,750","0,59%"
"14.03.2022","85,250","85,250","85,750","85,250","0,00%"
"11.03.2022","85,250","85,000","85,250","85,000","0,29%"
"10.03.2022","85,000","84,750","85,000","84,750","0,29%"
"09.03.2022","84,750","84,375","84,750","84,375","0,44%"
"08.03.2022","84,375","84,625","84,625","84,375","-0,30%"
"07.03.2022","84,625","86,375","86,375","84,625","-2,03%"
"04.03.2022","86,375","86,625","86,625","86,375","-0,29%"
"03.03.2022","86,625","86,750","86,750","86,625","-0,14%"
"02.03.2022","86,750","87,250","87,250","86,750","-0,57%"
"01.03.2022","87,250","87,500","87,500","87,250","-0,29%"
"28.02.2022","87,500","88,000","88,000","87,500","-0,57%"
"25.02.2022","88,000","90,500","90,500","88,000","-2,76%"
"24.02.2022","90,500","88,875","90,500","87,000","1,83%"
"23.02.2022","88,875","88,625","88,875","88,625","0,28%"
"22.02.2022","88,625","88,500","88,625","88,500","0,14%"
"21.02.2022","88,500","88,500","88,500","88,500","0,00%"
"18.02.2022","88,500","89,000","89,000","88,500","-0,56%"
"17.02.2022","89,000","88,750","89,000","88,750","0,28%"
"16.02.2022","88,750","88,500","88,750","88,500","0,28%"
"15.02.2022","88,500","88,875","88,875","88,500","-0,42%"
"14.02.2022","88,875","88,500","88,875","88,500","0,42%"
"11.02.2022","88,500","87,750","88,500","87,750","0,85%"
"10.02.2022","87,750","87,750","87,750","87,750","0,00%"
"09.02.2022","87,750","87,625","87,750","87,625","0,14%"
"08.02.2022","87,625","87,625","87,625","87,625","0,00%"
"07.02.2022","87,625","87,750","87,750","87,625","-0,14%"
"04.02.2022","87,750","87,750","87,750","87,750","0,00%"
"03.02.2022","87,750","87,500","87,750","87,500","0,29%"
"02.02.2022","87,500","87,625","87,625","87,500","-0,14%"
"01.02.2022","87,625","87,750","87,750","87,625","-0,14%"
"31.01.2022","87,750","87,750","87,750","87,750","0,00%"
"28.01.2022","87,750","88,125","88,125","87,750","-0,43%"
"27.01.2022","88,125","87,625","88,125","87,625","0,57%"
"26.01.2022","87,625","88,125","88,125","87,625","-0,57%"
"25.01.2022","88,125","88,375","88,375","88,125","-0,28%"
"24.01.2022","88,375","88,500","88,500","88,375","-0,14%"
"21.01.2022","88,500","88,375","88,500","88,375","0,14%"
"20.01.2022","88,375","88,250","88,375","88,250","0,14%"
"19.01.2022","88,250","88,750","88,750","88,250","-0,56%"
"18.01.2022","88,750","89,125","89,125","88,750","-0,42%"
"17.01.2022","89,125","89,125","89,125","89,125","0,00%"
"14.01.2022","89,125","89,500","89,500","89,125","-0,42%"
"13.01.2022","89,500","89,625","89,625","89,500","-0,14%"
"12.01.2022","89,625","90,250","90,250","89,625","-0,69%"
"11.01.2022","90,250","90,500","90,500","90,250","-0,28%"
"10.01.2022","90,500","90,625","90,625","90,500","-0,14%"
"07.01.2022","90,625","90,875","90,875","90,625","-0,28%"
"06.01.2022","90,875","91,625","91,625","90,875","-0,82%"
"05.01.2022","91,625","91,875","91,875","91,625","-0,27%"
"04.01.2022","91,875","91,875","91,875","91,875","0,00%"
"03.01.2022","91,875","92,000","92,000","91,875","-0,14%"
"31.12.2021","92,000","92,000","92,000","92,000","0,00%"
"30.12.2021","92,000","91,750","92,000","91,750","0,27%"
"29.12.2021","91,750","91,750","91,750","91,750","0,00%"
"28.12.2021","91,750","91,750","91,750","91,750","0,00%"
"27.12.2021","91,750","91,750","91,750","91,750","0,00%"
"24.12.2021","91,750","91,750","91,750","91,750","0,00%"
"23.12.2021","91,750","91,875","91,875","91,750","-0,14%"
"22.12.2021","91,875","91,875","91,875","91,875","0,00%"
"21.12.2021","91,875","91,625","91,875","91,625","0,27%"
"20.12.2021","91,625","91,875","91,875","91,625","-0,27%"
"17.12.2021","91,875","91,625","91,875","91,625","0,27%"
"16.12.2021","91,625","91,000","91,625","91,000","0,69%"
"15.12.2021","91,000","90,875","91,000","90,875","0,14%"
"14.12.2021","90,875","90,500","90,875","90,500","0,41%"
"13.12.2021","90,500","90,375","90,500","90,375","0,14%"
"10.12.2021","90,375","90,375","90,375","90,375","0,00%"
"09.12.2021","90,375","90,250","90,375","90,250","0,14%"
"08.12.2021","90,250","89,500","90,375","89,500","0,84%"
"07.12.2021","89,500","90,000","90,000","89,500","-0,56%"
"06.12.2021","90,000","89,250","90,250","89,250","0,84%"
"03.12.2021","89,250","89,125","89,250","89,125","0,14%"
"02.12.2021","89,125","89,250","89,250","89,000","-0,14%"
"01.12.2021","89,250","88,750","89,250","88,750","0,28%"
"30.11.2021","89,000","87,875","89,000","87,875","1,28%"
"29.11.2021","87,875","88,125","88,125","87,625","-0,28%"
"26.11.2021","88,125","88,625","88,625","88,125","-0,56%"
"25.11.2021","88,625","89,125","89,500","88,625","-0,56%"
"24.11.2021","89,125","88,875","89,125","88,125","0,28%"
"23.11.2021","88,875","89,250","89,250","88,875","-0,42%"
"22.11.2021","89,250","89,250","89,250","89,250","0,00%"
"19.11.2021","89,250","89,000","89,250","88,875","0,28%"
"18.11.2021","89,000","89,250","89,250","89,000","-0,28%"
"17.11.2021","89,250","89,250","89,250","89,250","0,00%"
"16.11.2021","89,250","89,875","89,875","89,250","-0,70%"
"15.11.2021","89,875","89,500","89,875","89,500","0,42%"
"12.11.2021","89,500","89,625","89,625","89,500","-0,14%"
"11.11.2021","89,625","89,500","89,750","89,500","0,14%"
"10.11.2021","89,500","89,500","89,500","89,500","0,00%"
"09.11.2021","89,500","89,375","89,875","89,375","0,14%"
"08.11.2021","89,375","89,375","89,375","89,375","0,00%"
"05.11.2021","89,375","89,750","89,750","89,375","-0,42%"
"04.11.2021","89,750","89,375","89,750","89,375","0,42%"
"03.11.2021","89,375","89,375","89,375","89,375","0,00%"
"02.11.2021","89,375","89,000","89,750","89,000","0,42%"
"01.11.2021","89,000","89,375","89,375","89,000","-0,42%"
"29.10.2021","89,375","89,375","89,750","89,375","0,00%"
"28.10.2021","89,375","89,500","89,750","89,375","0,14%"
"27.10.2021","89,250","89,375","89,500","89,250","-0,14%"
"26.10.2021","89,375","89,625","89,875","89,375","-0,28%"
"25.10.2021","89,625","89,250","89,625","89,250","0,42%"
"22.10.2021","89,250","89,000","89,250","89,000","0,28%"
"21.10.2021","89,000","89,125","89,125","88,375","-0,14%"
"20.10.2021","89,125","89,125","89,125","88,375","0,00%"
"19.10.2021","89,125","89,375","89,375","89,125","-0,28%"
"18.10.2021","89,375","90,000","90,000","89,375","-0,69%"
"15.10.2021","90,000","89,625","90,000","89,625","0,42%"
"14.10.2021","89,625","89,625","90,000","89,625","0,00%"
"13.10.2021","89,625","89,750","89,750","89,375","-0,14%"
"12.10.2021","89,750","89,875","89,875","89,750","-0,55%"
"11.10.2021","90,250","90,250","90,250","89,875","0,42%"
"08.10.2021","89,875","90,125","90,375","89,875","-0,14%"
"07.10.2021","90,000","90,000","90,250","90,000","0,00%"
"06.10.2021","90,000","90,250","90,250","90,000","-0,14%"
"05.10.2021","90,125","90,125","90,375","90,125","0,00%"
"04.10.2021","90,125","90,500","90,500","90,125","-0,41%"
"01.10.2021","90,500","90,500","90,500","90,375","0,00%"
"30.09.2021","90,500","90,500","90,500","90,500","0,00%"
"29.09.2021","90,500","90,500","90,500","89,750","0,28%"
"28.09.2021","90,250","90,625","90,625","90,250","-0,41%"
"27.09.2021","90,625","91,250","91,250","90,625","-0,68%"
"24.09.2021","91,250","92,000","92,000","91,250","-0,82%"
"23.09.2021","92,000","92,000","92,000","92,000","0,27%"
"22.09.2021","91,750","92,125","92,125","91,750","-0,14%"
"21.09.2021","91,875","92,125","92,125","91,875","-0,27%"
"20.09.2021","92,125","92,125","92,125","92,125","0,00%"
"17.09.2021","92,125","92,375","92,375","92,125","0,00%"
"16.09.2021","92,125","92,250","92,375","92,125","0,00%"
"15.09.2021","92,125","92,250","92,250","92,125","0,14%"
"14.09.2021","92,000","92,250","92,250","92,000","0,00%"
"13.09.2021","92,000","92,375","92,375","91,875","-0,14%"
"10.09.2021","92,125","91,875","92,375","91,875","0,41%"
"09.09.2021","91,750","91,750","91,875","91,750","-0,14%"
"08.09.2021","91,875","91,750","92,000","91,750","1,10%"
"07.09.2021","90,875","90,875","91,750","90,875","0,00%"
"06.09.2021","90,875","91,000","91,000","90,875","-0,14%"
"03.09.2021","91,000","91,375","91,375","91,000","0,00%"
"02.09.2021","91,000","91,375","91,375","91,000","0,28%"
"01.09.2021","90,750","90,375","91,375","90,375","0,41%"
"31.08.2021","90,375","90,375","90,375","90,375","0,28%"
"30.08.2021","90,125","90,000","90,375","90,000","0,28%"
"27.08.2021","89,875","89,875","90,000","89,875","0,14%"
"26.08.2021","89,750","89,875","89,875","89,625","0,00%"
"25.08.2021","89,750","89,750","89,875","89,750","0,14%"
"24.08.2021","89,625","89,625","89,750","89,625","0,14%"
"23.08.2021","89,500","90,000","90,000","89,500","-0,42%"
"20.08.2021","89,875","89,875","90,000","89,875","0,28%"
"19.08.2021","89,625","90,000","90,000","89,625","-0,28%"
"18.08.2021","89,875","89,375","90,000","89,375","0,42%"
"17.08.2021","89,500","89,625","89,625","89,375","0,00%"
"16.08.2021","89,500","90,000","90,000","89,500","0,00%"
"13.08.2021","89,500","90,000","90,000","89,500","-0,28%"
"12.08.2021","89,750","90,000","90,000","89,750","0,00%"
"11.08.2021","89,750","89,750","90,000","89,750","0,14%"
"10.08.2021","89,625","89,875","89,875","89,625","-0,42%"
"09.08.2021","90,000","90,000","90,000","89,875","0,00%"
"06.08.2021","90,000","89,750","90,250","89,750","0,56%"
"05.08.2021","89,500","90,000","90,000","89,500","-0,28%"
"04.08.2021","89,750","89,500","90,000","89,500","0,28%"
"03.08.2021","89,500","89,875","89,875","89,500","0,14%"
"02.08.2021","89,375","89,375","89,875","89,375","0,00%"
"30.07.2021","89,375","89,375","89,375","89,375","0,00%"
"29.07.2021","89,375","89,375","89,375","89,375","0,00%"
"28.07.2021","89,375","89,375","89,375","89,375","0,00%"
"27.07.2021","89,375","89,250","89,375","89,250","0,14%"
"26.07.2021","89,250","89,375","89,375","89,250","-0,14%"
"23.07.2021","89,375","89,375","89,375","89,375","0,00%"
"22.07.2021","89,375","89,375","89,375","89,375","-0,14%"
"21.07.2021","89,500","89,500","89,500","89,375","0,00%"
"20.07.2021","89,500","89,750","89,750","89,500","-0,28%"
"19.07.2021","89,750","89,625","89,750","89,625","0,28%"
"16.07.2021","89,500","89,625","89,625","89,500","-0,14%"
"15.07.2021","89,625","89,625","89,625","89,500","0,00%"
"14.07.2021","89,625","89,875","89,875","89,625","-0,28%"
"13.07.2021","89,875","89,875","89,875","89,875","0,00%"
"12.07.2021","89,875","90,000","90,000","89,875","-0,14%"
"09.07.2021","90,000","90,000","90,000","90,000","0,00%"
"08.07.2021","90,000","89,875","90,000","89,875","0,14%"
"07.07.2021","89,875","89,875","89,875","89,875","-0,14%"
"06.07.2021","90,000","89,875","90,000","89,875","0,14%"
"05.07.2021","89,875","90,000","90,000","89,875","-0,14%"
"02.07.2021","90,000","90,250","90,250","90,000","0,00%"
"01.07.2021","90,000","90,250","90,250","90,000","0,14%"
"30.06.2021","89,875","90,000","90,500","89,875","0,00%"
"29.06.2021","89,875","89,625","90,000","89,625","0,28%"
"28.06.2021","89,625","89,500","89,625","89,500","0,14%"
"25.06.2021","89,500","89,625","89,625","89,500","0,00%"
"24.06.2021","89,500","89,500","89,625","89,500","0,00%"
"23.06.2021","89,500","89,375","89,500","89,375","0,28%"
"22.06.2021","89,250","89,500","89,500","89,250","-0,28%"
"21.06.2021","89,500","89,125","89,500","89,125","0,00%"
"18.06.2021","89,500","88,500","89,500","88,500","0,85%"
"17.06.2021","88,750","88,500","88,750","88,500","-0,84%"
"16.06.2021","89,500","89,500","89,500","88,500","0,00%"
"15.06.2021","89,500","89,500","89,500","89,500","0,00%"
"14.06.2021","89,500","89,625","89,625","89,500","0,00%"
"11.06.2021","89,500","89,375","89,625","89,375","0,14%"
"10.06.2021","89,375","89,250","89,375","89,250","0,00%"
"09.06.2021","89,375","89,500","89,500","89,250","0,14%"
"08.06.2021","89,250","89,500","89,500","89,250","-0,28%"
"07.06.2021","89,500","89,750","89,750","89,500","-0,28%"
"04.06.2021","89,750","89,375","89,750","89,375","0,42%"
"03.06.2021","89,375","89,500","89,500","89,375","-0,14%"
"02.06.2021","89,500","89,500","89,500","89,500","0,14%"
"01.06.2021","89,375","89,250","89,500","89,250","0,14%"
"31.05.2021","89,250","89,250","89,250","89,250","0,00%"
"28.05.2021","89,250","89,250","89,250","89,250","0,00%"
"27.05.2021","89,250","89,250","89,250","89,250","0,00%"
"26.05.2021","89,250","89,250","89,250","89,250","0,00%"
"25.05.2021","89,250","89,500","89,500","89,250","-0,28%"
"24.05.2021","89,500","89,000","89,500","89,000","0,56%"
"21.05.2021","89,000","89,375","89,375","89,000","0,00%"
"20.05.2021","89,000","89,375","89,375","89,000","-0,28%"
"19.05.2021","89,250","89,500","89,500","89,250","-0,14%"
"18.05.2021","89,375","89,375","89,500","89,375","-0,14%"
"17.05.2021","89,500","89,500","89,500","89,375","0,00%"
"14.05.2021","89,500","89,500","89,500","89,500","0,00%"
"13.05.2021","89,500","89,500","89,500","89,500","0,00%"
"12.05.2021","89,500","89,625","89,625","89,500","-0,14%"
"11.05.2021","89,625","90,000","90,000","89,625","-0,28%"
"10.05.2021","89,875","90,625","90,625","89,875","0,42%"
"07.05.2021","89,500","90,750","90,750","89,500","-0,56%"
"06.05.2021","90,000","89,500","90,750","89,500","0,56%"
"05.05.2021","89,500","90,000","90,000","89,500","-0,56%"
"04.05.2021","90,000","90,375","90,375","90,000","0,14%"
"03.05.2021","89,875","89,750","90,375","89,750","0,14%"
"30.04.2021","89,750","89,500","89,750","89,500","0,28%"
"29.04.2021","89,500","89,500","89,500","89,375","0,14%"
"28.04.2021","89,375","89,125","89,500","89,125","0,14%"
"27.04.2021","89,250","89,125","89,250","89,125","-0,14%"
"26.04.2021","89,375","89,250","89,375","89,125","0,14%"
"23.04.2021","89,250","89,250","89,375","89,250","0,00%"
"22.04.2021","89,250","89,250","89,250","89,250","-0,14%"
"21.04.2021","89,375","89,375","89,375","89,250","0,14%"
"20.04.2021","89,250","89,250","89,375","89,250","0,00%"
"19.04.2021","89,250","89,250","89,250","89,250","0,00%"
"16.04.2021","89,250","89,125","89,250","89,125","0,14%"
"15.04.2021","89,125","89,125","89,250","89,125","0,14%"
"14.04.2021","89,000","89,125","89,125","89,000","-0,28%"
"13.04.2021","89,250","89,000","89,250","89,000","0,28%"
"12.04.2021","89,000","89,250","89,250","89,000","0,00%"
"09.04.2021","89,000","89,000","89,250","89,000","0,28%"
"08.04.2021","88,750","88,125","89,000","88,125","0,85%"
"07.04.2021","88,000","87,750","88,125","87,750","0,28%"
"06.04.2021","87,750","87,000","87,750","87,000","0,57%"
"05.04.2021","87,250","87,000","87,250","87,000","0,29%"
"02.04.2021","87,000","87,000","87,000","87,000","0,00%"
"01.04.2021","87,000","87,000","87,000","87,000","0,14%"
"31.03.2021","86,875","86,875","87,000","86,875","-0,14%"
"30.03.2021","87,000","87,000","87,125","86,875","0,00%"
"29.03.2021","87,000","87,125","87,125","87,000","-0,57%"
"26.03.2021","87,500","87,125","87,500","87,125","0,72%"
"25.03.2021","86,875","87,125","87,125","86,875","-0,29%"
"24.03.2021","87,125","87,000","87,125","87,000","0,14%"
"23.03.2021","87,000","86,500","87,000","86,500","0,58%"
"22.03.2021","86,500","86,375","86,500","86,375","0,44%"
"19.03.2021","86,125","85,625","86,375","85,625","0,44%"
"18.03.2021","85,750","86,125","86,125","85,625","-0,44%"
"17.03.2021","86,125","85,750","86,125","85,750","0,73%"
"16.03.2021","85,500","85,375","85,750","85,375","0,00%"
"15.03.2021","85,500","86,375","86,375","85,375","-1,01%"
"12.03.2021","86,375","86,625","86,625","86,375","-0,29%"
"11.03.2021","86,625","86,375","86,625","86,375","0,14%"
"10.03.2021","86,500","86,250","86,500","86,250","0,58%"
"09.03.2021","86,000","87,875","87,875","86,000","-1,71%"
"08.03.2021","87,500","88,250","88,250","87,500","-1,41%"
"05.03.2021","88,750","89,250","89,250","88,250","-0,42%"
"04.03.2021","89,125","89,375","89,375","89,000","-0,28%"
"03.03.2021","89,375","89,375","89,375","89,375","0,00%"
"02.03.2021","89,375","89,500","89,500","89,375","0,14%"
"01.03.2021","89,250","89,375","89,500","89,250","-0,14%"
"26.02.2021","89,375","90,125","90,125","89,375","-0,69%"
"25.02.2021","90,000","89,875","90,125","89,875","0,14%"
"24.02.2021","89,875","90,125","90,125","89,875","-0,14%"
"23.02.2021","90,000","90,250","90,250","90,000","-0,14%"
"22.02.2021","90,125","90,250","90,250","90,125","-0,14%"
"19.02.2021","90,250","90,375","90,375","90,250","-0,28%"
"18.02.2021","90,500","90,375","90,500","90,375","0,00%"
"17.02.2021","90,500","90,500","90,500","90,375","-0,14%"
"16.02.2021","90,625","90,625","90,625","90,500","0,00%"
"15.02.2021","90,625","91,000","91,000","90,625","-0,41%"
"12.02.2021","91,000","91,000","91,000","91,000","0,00%"
"11.02.2021","91,000","91,000","91,500","91,000","0,00%"
"10.02.2021","91,000","90,750","91,000","90,750","0,41%"
"09.02.2021","90,625","90,875","90,875","90,375","0,00%"
"08.02.2021","90,625","90,750","90,875","90,625","-0,14%"
"05.02.2021","90,750","90,875","90,875","90,750","-0,41%"
"04.02.2021","91,125","90,750","91,125","90,000","0,28%"
"03.02.2021","90,875","90,875","90,875","90,750","0,28%"
"02.02.2021","90,625","91,375","91,375","90,625","-0,28%"
"01.02.2021","90,875","90,875","91,375","90,875","0,00%"
"29.01.2021","90,875","91,000","91,000","90,875","0,00%"
"28.01.2021","90,875","90,875","91,000","90,875","0,00%"
"27.01.2021","90,875","91,500","91,500","90,875","-0,14%"
"26.01.2021","91,000","92,000","92,000","90,250","0,14%"
"25.01.2021","90,875","91,125","92,000","90,875","0,14%"
"22.01.2021","90,750","91,125","91,125","90,750","0,00%"
"21.01.2021","90,750","91,000","91,875","90,750","0,41%"
"20.01.2021","90,375","90,625","91,000","90,375","-0,28%"
"19.01.2021","90,625","90,875","90,875","90,625","-0,28%"
"18.01.2021","90,875","90,875","90,875","90,875","0,00%"
"15.01.2021","90,875","91,000","91,000","90,875","-0,14%"
"14.01.2021","91,000","91,000","91,000","91,000","0,00%"
"13.01.2021","91,000","91,125","91,125","91,000","0,00%"
"12.01.2021","91,000","91,375","91,375","91,000","-0,41%"
"11.01.2021","91,375","90,875","91,375","90,875","0,14%"
"08.01.2021","91,250","91,250","91,250","90,875","-0,14%"
"07.01.2021","91,375","92,000","92,000","91,250","-0,68%"
"06.01.2021","92,000","93,625","93,625","92,000","-1,74%"
"05.01.2021","93,625","94,000","94,000","93,625","-0,40%"
"04.01.2021","94,000","93,875","94,000","93,875","0,13%"
"01.01.2021","93,875","93,875","93,875","93,875","0,00%"
"31.12.2020","93,875","92,875","93,875","92,875","0,54%"
"30.12.2020","93,375","91,875","93,375","91,875","1,49%"
"29.12.2020","92,000","92,375","92,375","91,875","0,41%"
"28.12.2020","91,625","90,375","92,375","90,375","1,38%"
"25.12.2020","90,375","90,375","90,375","90,375","0,00%"
"24.12.2020","90,375","90,375","90,375","90,375","0,00%"
"23.12.2020","90,375","90,125","90,375","90,125","0,28%"
"22.12.2020","90,125","90,250","90,250","90,125","-0,14%"
"21.12.2020","90,250","90,250","90,250","90,250","0,00%"
"18.12.2020","90,250","90,625","90,625","90,250","-0,41%"
"17.12.2020","90,625","90,750","90,750","90,625","-0,14%"
"16.12.2020","90,750","90,500","90,750","90,500","0,55%"
"15.12.2020","90,250","90,500","90,500","90,000","-0,82%"
"14.12.2020","91,000","90,250","91,000","90,250","0,83%"
"11.12.2020","90,250","90,125","90,250","90,125","0,14%"
"10.12.2020","90,125","90,000","90,125","90,000","0,14%"
"09.12.2020","90,000","90,000","90,000","90,000","0,00%"
"08.12.2020","90,000","90,250","90,250","90,000","-0,28%"
"07.12.2020","90,250","90,750","90,750","90,250","-0,28%"
"04.12.2020","90,500","90,000","90,750","90,000","0,56%"
"03.12.2020","90,000","89,500","90,000","89,500","-0,55%"
"02.12.2020","90,500","90,500","90,500","89,500","0,14%"
"01.12.2020","90,375","90,500","90,500","90,375","-0,14%"
"30.11.2020","90,500","90,625","90,625","90,500","-0,14%"
"27.11.2020","90,625","89,750","90,625","89,750","0,97%"
"26.11.2020","89,750","90,000","90,000","89,750","-0,28%"
"25.11.2020","90,000","90,000","90,000","90,000","0,28%"
"24.11.2020","89,750","89,500","90,000","89,500","1,27%"
"23.11.2020","88,625","88,125","89,500","88,125","0,85%"
"20.11.2020","87,875","91,875","91,875","87,875","-4,35%"
"19.11.2020","91,875","91,875","91,875","91,875","-0,14%"
"18.11.2020","92,000","91,875","92,000","91,875","0,55%"
"17.11.2020","91,500","91,625","91,875","91,500","0,14%"
"16.11.2020","91,375","90,750","91,625","90,750","0,83%"
"13.11.2020","90,625","91,000","91,000","90,000","-0,14%"
"12.11.2020","90,750","90,750","91,000","90,750","0,00%"
"11.11.2020","90,750","90,750","90,750","90,750","0,28%"
"10.11.2020","90,500","90,000","90,750","90,000","0,98%"
"09.11.2020","89,625","89,250","90,000","89,250","0,42%"
"06.11.2020","89,250","88,500","89,250","88,500","0,85%"
"05.11.2020","88,500","88,625","88,625","88,500","-0,14%"
"04.11.2020","88,625","87,625","88,625","87,625","1,29%"
"03.11.2020","87,500","87,000","87,625","87,000","0,57%"
"02.11.2020","87,000","86,625","87,000","86,625","0,43%"
"30.10.2020","86,625","86,000","86,625","86,000","1,17%"
"29.10.2020","85,625","85,375","86,000","85,375","1,03%"
"28.10.2020","84,750","84,750","85,375","84,750","1,35%"
"27.10.2020","83,625","83,250","84,750","83,250","0,45%"
"26.10.2020","83,250","82,875","83,250","82,875","0,76%"
"23.10.2020","82,625","82,250","82,875","82,250","0,76%"
"22.10.2020","82,000","82,125","82,250","82,000","0,15%"
"21.10.2020","81,875","81,875","82,125","81,875","-0,30%"
"20.10.2020","82,125","85,875","85,875","81,875","-4,37%"
"19.10.2020","85,875","86,500","86,500","85,875","-0,43%"
"16.10.2020","86,250","86,250","86,500","86,250","0,00%"
"15.10.2020","86,250","86,125","86,250","86,125","0,00%"
"14.10.2020","86,250","86,000","86,250","86,000","1,02%"
"13.10.2020","85,375","85,375","86,000","85,375","0,00%"
"12.10.2020","85,375","85,500","85,500","85,375","-0,15%"
"09.10.2020","85,500","85,250","86,250","85,250","0,29%"
"08.10.2020","85,250","85,250","85,250","85,250","0,15%"
"07.10.2020","85,125","84,875","85,250","84,875","0,29%"
"06.10.2020","84,875","84,875","84,875","84,875","-0,29%"
"05.10.2020","85,125","85,250","85,250","84,875","-0,15%"
"02.10.2020","85,250","85,375","85,375","85,250","-0,15%"
"01.10.2020","85,375","86,000","86,000","85,375","-0,58%"
"30.09.2020","85,875","86,125","86,125","85,875","-0,43%"
"29.09.2020","86,250","86,375","86,375","86,125","-0,14%"
"28.09.2020","86,375","86,375","86,375","86,375","0,00%"
"25.09.2020","86,375","87,250","87,250","86,375","-0,86%"
"24.09.2020","87,125","87,250","87,250","87,125","-0,71%"
"23.09.2020","87,750","87,750","87,750","87,250","0,00%"
"22.09.2020","87,750","88,500","88,500","87,750","-0,85%"
"21.09.2020","88,500","88,750","88,750","88,500","-0,28%"
"18.09.2020","88,750","88,625","88,750","88,625","0,14%"
"17.09.2020","88,625","89,000","89,000","88,625","-0,42%"
"16.09.2020","89,000","89,000","89,000","88,375","0,28%"
"15.09.2020","88,750","88,500","89,000","88,500","0,42%"
"14.09.2020","88,375","88,250","88,500","88,250","0,14%"
"11.09.2020","88,250","88,250","88,250","88,250","0,00%"
"10.09.2020","88,250","88,375","88,375","88,250","-0,14%"
"09.09.2020","88,375","88,500","88,500","88,375","-0,28%"
"08.09.2020","88,625","88,375","88,625","88,375","0,28%"
"07.09.2020","88,375","88,375","88,375","88,375","0,00%"
"04.09.2020","88,375","88,500","88,500","88,375","-0,14%"
"03.09.2020","88,500","88,375","88,500","88,375","0,14%"
"02.09.2020","88,375","87,500","88,375","87,500","1,00%"
"01.09.2020","87,500","87,250","87,500","87,250","0,29%"
"31.08.2020","87,250","87,250","87,250","87,250","0,00%"
"28.08.2020","87,250","87,375","87,375","87,250","-0,14%"
"27.08.2020","87,375","87,375","87,375","87,375","0,00%"
"26.08.2020","87,375","88,000","88,000","87,375","-0,71%"
"25.08.2020","88,000","87,625","88,000","87,500","0,43%"
"24.08.2020","87,625","88,000","88,000","87,625","-0,14%"
"21.08.2020","87,750","87,750","88,000","87,750","0,14%"
"20.08.2020","87,625","87,250","87,750","87,250","-0,14%"
"19.08.2020","87,750","88,000","88,000","87,250","-0,43%"
"18.08.2020","88,125","88,375","88,375","88,000","-0,14%"
"17.08.2020","88,250","89,500","89,500","88,250","-1,26%"
"14.08.2020","89,375","89,500","89,500","89,375","0,28%"
"13.08.2020","89,125","89,250","89,500","89,125","-0,14%"
"12.08.2020","89,250","89,500","89,500","88,875","-0,28%"
"11.08.2020","89,500","89,125","89,500","89,125","0,42%"
"10.08.2020","89,125","89,750","89,750","89,125","-0,42%"
"07.08.2020","89,500","89,250","89,750","89,000","0,28%"
"06.08.2020","89,250","89,250","89,250","89,250","0,28%"
"05.08.2020","89,000","88,250","89,250","88,250","0,85%"
"04.08.2020","88,250","89,000","89,000","88,250","-0,56%"
"03.08.2020","88,750","89,000","89,000","88,750","0,57%"
"31.07.2020","88,250","89,000","89,000","88,250","-0,56%"
"30.07.2020","88,750","88,250","89,000","88,250","0,57%"
"29.07.2020","88,250","88,875","88,875","88,250","0,00%"
"28.07.2020","88,250","89,000","89,000","88,250","-0,84%"
"27.07.2020","89,000","88,500","89,000","88,500","0,56%"
"24.07.2020","88,500","89,000","89,000","88,500","-0,28%"
"23.07.2020","88,750","88,500","89,000","88,500","0,28%"
"22.07.2020","88,500","88,625","88,625","88,000","-0,14%"
"21.07.2020","88,625","88,375","88,625","88,375","0,85%"
"20.07.2020","87,875","87,750","88,375","87,750","0,43%"
"17.07.2020","87,500","88,000","88,000","87,500","0,00%"
"16.07.2020","87,500","87,750","88,000","87,375","0,57%"
"15.07.2020","87,000","87,250","87,750","87,000","-0,29%"
"14.07.2020","87,250","87,375","87,375","87,250","-0,14%"
"13.07.2020","87,375","87,750","87,750","87,375","0,29%"
"10.07.2020","87,125","87,125","87,750","87,125","0,00%"
"09.07.2020","87,125","87,375","87,750","87,125","-0,29%"
"08.07.2020","87,375","86,750","87,375","86,750","0,58%"
"07.07.2020","86,875","87,625","87,625","86,750","-0,86%"
"06.07.2020","87,625","87,625","87,625","87,625","0,00%"
"03.07.2020","87,625","87,625","87,625","87,625","0,29%"
"02.07.2020","87,375","87,375","87,375","87,375","0,58%"
"01.07.2020","86,875","86,875","86,875","86,875","2,51%"
"30.06.2020","84,750","85,250","86,875","84,750","-1,31%"
"29.06.2020","85,875","87,500","87,500","85,250","-1,86%"
"26.06.2020","87,500","86,250","87,500","86,250","1,16%"
"25.06.2020","86,500","87,875","87,875","86,250","-1,56%"
"24.06.2020","87,875","87,875","87,875","87,875","1,15%"
"23.06.2020","86,875","87,875","87,875","86,875","-1,14%"
"22.06.2020","87,875","88,750","88,750","87,875","0,57%"
"19.06.2020","87,375","88,500","88,500","87,375","-1,13%"
"18.06.2020","88,375","88,625","88,625","88,375","-0,14%"
"17.06.2020","88,500","88,750","88,750","88,500","-0,28%"
"16.06.2020","88,750","89,000","89,000","88,750","-0,14%"
"15.06.2020","88,875","88,750","88,875","88,750","-0,42%"
"12.06.2020","89,250","88,750","89,250","88,750","-0,56%"
"11.06.2020","89,750","90,875","90,875","89,750","-1,24%"
"10.06.2020","90,875","91,250","91,250","90,875","-0,14%"
"09.06.2020","91,000","88,750","91,000","88,750","2,54%"
"08.06.2020","88,750","88,875","88,875","88,750","-0,14%"
"05.06.2020","88,875","88,875","88,875","88,875","0,71%"
"04.06.2020","88,250","88,750","88,750","88,250","0,57%"
"03.06.2020","87,750","87,000","87,750","87,000","1,74%"
"02.06.2020","86,250","86,375","86,375","86,250","-0,14%"
"01.06.2020","86,375","86,625","86,625","86,375","-0,29%"
"29.05.2020","86,625","86,625","86,625","86,625","0,00%"
"28.05.2020","86,625","86,500","86,625","86,500","0,14%"
"27.05.2020","86,500","86,500","86,500","86,500","0,29%"
"26.05.2020","86,250","86,125","86,250","86,125","0,15%"
"25.05.2020","86,125","86,125","86,125","86,125","0,00%"
"22.05.2020","86,125","86,125","86,125","86,125","-0,43%"
"21.05.2020","86,500","84,625","86,500","84,625","2,22%"
"20.05.2020","84,625","83,375","84,625","83,375","1,96%"
"19.05.2020","83,000","82,875","83,000","82,875","0,61%"
"18.05.2020","82,500","82,875","82,875","82,500","-0,60%"
"15.05.2020","83,000","82,250","83,000","82,250","-1,34%"
"14.05.2020","84,125","84,125","84,125","84,125","0,00%"
"13.05.2020","84,125","84,000","84,125","84,000","0,60%"
"12.05.2020","83,625","83,625","83,625","83,625","1,06%"
"11.05.2020","82,750","83,500","83,500","82,750","0,46%"
"08.05.2020","82,375","83,375","83,375","82,375","1,70%"
"07.05.2020","81,000","82,875","82,875","81,000","-1,37%"
"06.05.2020","82,125","82,875","82,875","82,125","-0,61%"
"05.05.2020","82,625","82,250","82,625","82,250","0,30%"
"04.05.2020","82,375","82,500","82,500","82,375","-0,15%"
"01.05.2020","82,500","82,250","82,500","82,250","1,07%"
"30.04.2020","81,625","80,625","81,625","80,625","1,24%"
"29.04.2020","80,625","80,000","80,625","80,000","1,10%"
"28.04.2020","79,750","79,750","79,750","79,750","-0,31%"
"27.04.2020","80,000","80,000","80,000","80,000","0,16%"
"24.04.2020","79,875","80,000","80,000","79,875","-0,16%"
"23.04.2020","80,000","79,750","80,000","79,750","0,31%"
"22.04.2020","79,750","78,500","79,750","78,500","0,79%"
"21.04.2020","79,125","79,000","79,125","79,000","-1,40%"
"20.04.2020","80,250","79,250","80,250","79,250","2,39%"
"17.04.2020","78,375","77,000","78,375","77,000","0,64%"
"16.04.2020","77,875","78,000","78,000","77,875","1,14%"
"15.04.2020","77,000","77,000","77,000","77,000","0,00%"
"14.04.2020","77,000","75,500","77,000","75,500","1,99%"
"13.04.2020","75,500","74,375","75,500","74,375","1,51%"
"10.04.2020","74,375","74,375","74,375","74,375","0,00%"
"09.04.2020","74,375","74,750","74,750","74,375","0,34%"
"08.04.2020","74,125","73,125","74,125","73,125","1,19%"
"07.04.2020","73,250","74,000","74,000","73,250","-4,87%"
"06.04.2020","77,000","78,250","78,250","76,875","-3,75%"
"03.04.2020","80,000","79,375","80,000","79,375","-1,08%"
"02.04.2020","80,875","81,250","81,250","80,875","-0,46%"
"01.04.2020","81,250","80,375","81,250","80,375","1,09%"
"31.03.2020","80,375","78,250","80,375","78,250","2,72%"
"30.03.2020","78,250","78,250","79,750","78,250","-3,40%"
"27.03.2020","81,000","83,000","83,000","81,000","-2,99%"
"26.03.2020","83,500","83,000","83,500","83,000","0,60%"
"25.03.2020","83,000","73,000","83,000","73,000","3,75%"
"24.03.2020","80,000","85,000","85,000","80,000","-5,88%"
"23.03.2020","85,000","85,000","85,000","85,000","0,00%"
"20.03.2020","85,000","90,750","90,750","85,000","-6,34%"
"19.03.2020","90,750","91,500","91,500","90,750","-0,82%"
"18.03.2020","91,500","91,500","91,500","91,500","0,00%"
"17.03.2020","91,500","91,500","91,500","91,500","0,00%"
"16.03.2020","91,500","91,500","91,500","91,500","3,24%"
"13.03.2020","88,625","82,500","91,500","82,500","-3,67%"
"12.03.2020","92,000","89,375","92,000","89,375","2,94%"
"11.03.2020","89,375","94,500","94,500","89,375","-5,42%"
"10.03.2020","94,500","94,500","94,500","94,500","-1,69%"
"09.03.2020","96,125","95,375","96,125","95,375","-0,39%"
"06.03.2020","96,500","97,125","97,125","96,500","-2,03%"
"05.03.2020","98,500","98,500","98,500","98,500","0,13%"
"04.03.2020","98,375","98,500","98,500","98,000","1,03%"
"03.03.2020","97,375","97,625","97,625","97,375","0,52%"
"02.03.2020","96,875","97,500","97,500","96,875","-0,64%"
"28.02.2020","97,500","97,750","97,750","97,500","-0,64%"
"27.02.2020","98,125","98,250","98,250","97,875","0,00%"
"26.02.2020","98,125","98,125","98,125","98,125","-0,13%"
"25.02.2020","98,250","98,125","98,250","98,125","0,00%"
"24.02.2020","98,250","98,625","98,625","98,250","-0,25%"
"21.02.2020","98,500","98,250","98,500","98,250","0,25%"
"20.02.2020","98,250","98,125","98,250","98,125","0,13%"
"19.02.2020","98,125","97,875","98,125","97,875","0,26%"
"18.02.2020","97,875","98,000","98,000","97,875","-0,13%"
"17.02.2020","98,000","98,000","98,000","97,250","0,00%"
"14.02.2020","98,000","98,000","98,000","98,000","0,26%"
"13.02.2020","97,750","97,750","97,750","97,750","0,00%"
"12.02.2020","97,750","97,750","97,750","97,625","0,00%"
"11.02.2020","97,750","97,250","97,750","97,250","0,51%"
"10.02.2020","97,250","97,250","97,250","97,250","0,00%"
"07.02.2020","97,250","97,250","97,250","97,250","0,26%"
"06.02.2020","97,000","97,000","97,000","97,000","0,00%"
"05.02.2020","97,000","97,375","97,375","97,000","-0,39%"
"04.02.2020","97,375","97,000","97,375","97,000","0,39%"
"03.02.2020","97,000","97,000","97,000","97,000","0,00%"
"31.01.2020","97,000","97,375","97,375","97,000","0,00%"
"30.01.2020","97,000","97,125","97,125","97,000","-0,13%"
"29.01.2020","97,125","96,500","97,125","96,500","0,65%"
"28.01.2020","96,500","97,625","97,625","96,500","-1,15%"
"27.01.2020","97,625","97,625","97,625","97,625","0,00%"
"24.01.2020","97,625","97,500","97,625","97,500","0,13%"
"23.01.2020","97,500","97,500","97,500","97,500","0,00%"
"22.01.2020","97,500","97,625","97,625","97,500","-0,13%"
"21.01.2020","97,625","97,500","97,625","97,500","0,13%"
"20.01.2020","97,500","97,625","97,625","97,500","0,00%"
"17.01.2020","97,500","97,625","97,625","97,500","-0,13%"
"16.01.2020","97,625","97,250","97,625","97,250","0,13%"
"15.01.2020","97,500","97,375","97,500","97,375","0,13%"
"14.01.2020","97,375","97,375","97,375","97,375","0,00%"
"13.01.2020","97,375","97,000","97,375","97,000","0,39%"
"10.01.2020","97,000","97,000","97,000","97,000","-0,51%"
"09.01.2020","97,500","97,750","97,750","97,500","-0,26%"
"08.01.2020","97,750","97,750","97,750","97,750","-0,13%"
"07.01.2020","97,875","97,250","97,875","97,250","-0,76%"
"06.01.2020","98,625","98,375","98,625","98,375","0,13%"
"03.01.2020","98,500","101,000","101,000","98,500","-1,75%"
"02.01.2020","100,250","100,375","100,375","100,250","-0,12%"
"01.01.2020","100,375","100,375","100,375","100,375","0,00%"
"31.12.2019","100,375","100,375","100,375","100,375","0,00%"
"30.12.2019","100,375","100,250","100,375","100,250","0,12%"
"27.12.2019","100,250","100,000","100,250","100,000","0,25%"
"26.12.2019","100,000","100,000","100,000","100,000","0,00%"
"25.12.2019","100,000","100,000","100,000","100,000","0,00%"
"24.12.2019","100,000","100,000","100,000","100,000","0,00%"
"23.12.2019","100,000","99,375","100,000","99,375","0,88%"
"20.12.2019","99,125","98,625","99,125","98,625","0,89%"
"19.12.2019","98,250","97,500","98,250","97,500","0,77%"
"18.12.2019","97,500","97,875","97,875","97,500","0,00%"
"17.12.2019","97,500","97,625","97,625","97,500","-0,13%"
"16.12.2019","97,625","97,250","97,625","97,250","0,39%"
"13.12.2019","97,250","97,125","97,250","97,125","0,91%"
"12.12.2019","96,375","96,750","96,750","96,375","-0,39%"
"11.12.2019","96,750","96,625","96,750","96,625","0,13%"
"10.12.2019","96,625","96,750","96,750","96,625","0,00%"
"09.12.2019","96,625","96,000","96,625","96,000","0,65%"
"06.12.2019","96,000","96,125","96,125","96,000","0,52%"
"05.12.2019","95,500","95,375","95,500","95,375","-0,39%"
"04.12.2019","95,875","95,250","95,875","95,250","0,66%"
"03.12.2019","95,250","95,250","95,250","95,250","-0,26%"
"02.12.2019","95,500","95,500","95,500","95,500","0,00%"
"29.11.2019","95,500","95,500","95,500","95,500","0,00%"
"28.11.2019","95,500","95,500","95,500","95,500","0,00%"
"27.11.2019","95,500","95,125","95,500","95,125","0,79%"
"26.11.2019","94,750","94,500","94,750","94,500","0,26%"
"25.11.2019","94,500","94,000","94,500","94,000","0,27%"
"22.11.2019","94,250","94,000","94,250","94,000","0,53%"
"21.11.2019","93,750","93,875","93,875","93,750","0,13%"
"20.11.2019","93,625","92,625","93,625","92,625","0,94%"
"19.11.2019","92,750","92,500","92,750","92,500","0,95%"
"18.11.2019","91,875","90,500","91,875","90,500","1,52%"
"15.11.2019","90,500","90,000","90,500","90,000","0,00%"
"14.11.2019","90,500","90,750","90,750","90,500","-0,14%"
"13.11.2019","90,625","90,625","90,625","90,625","-0,41%"
"12.11.2019","91,000","91,875","91,875","91,000","-0,95%"
"11.11.2019","91,875","91,625","91,875","91,625","0,27%"
"08.11.2019","91,625","91,750","91,750","91,625","-0,14%"
"07.11.2019","91,750","91,625","91,750","91,500","0,14%"
"06.11.2019","91,625","91,875","91,875","91,500","-0,41%"
"05.11.2019","92,000","93,000","93,000","92,000","-0,81%"
"04.11.2019","92,750","93,625","93,625","92,750","-0,93%"
"01.11.2019","93,625","93,125","93,625","93,125","0,54%"
"31.10.2019","93,125","93,875","93,875","93,125","-0,80%"
"30.10.2019","93,875","94,000","94,000","93,875","-0,13%"
"29.10.2019","94,000","93,625","94,000","93,625","0,40%"
"28.10.2019","93,625","94,125","94,125","93,625","-0,53%"
"25.10.2019","94,125","94,250","94,250","94,000","-0,13%"
"24.10.2019","94,250","92,500","94,250","92,500","0,67%"
"23.10.2019","93,625","95,250","95,250","93,625","-1,71%"
"22.10.2019","95,250","96,375","96,375","95,250","-1,04%"
"21.10.2019","96,250","95,875","96,250","95,875","0,39%"
"18.10.2019","95,875","96,000","96,000","95,875","-0,13%"
"17.10.2019","96,000","96,000","96,000","96,000","0,79%"
"16.10.2019","95,250","95,250","96,000","95,250","0,00%"
"15.10.2019","95,250","95,250","95,250","95,250","-0,65%"
"14.10.2019","95,875","95,250","95,875","95,250","0,66%"
"11.10.2019","95,250","95,500","95,500","95,250","-0,26%"
"10.10.2019","95,500","95,750","95,750","95,500","-0,26%"
"09.10.2019","95,750","95,625","95,750","95,625","-0,13%"
"08.10.2019","95,875","95,500","95,875","95,500","0,52%"
"07.10.2019","95,375","95,500","95,500","95,375","0,79%"
"04.10.2019","94,625","94,625","95,500","94,625","0,00%"
"03.10.2019","94,625","94,625","94,625","94,625","-0,39%"
"02.10.2019","95,000","95,000","95,000","94,625","0,00%"
"01.10.2019","95,000","95,250","95,250","95,000","-0,52%"
"30.09.2019","95,500","94,750","95,500","94,750","0,79%"
"27.09.2019","94,750","95,125","95,125","94,750","-0,39%"
"26.09.2019","95,125","94,875","95,125","94,875","0,26%"
"25.09.2019","94,875","95,625","95,625","94,875","-0,78%"
"24.09.2019","95,625","95,375","95,625","95,375","0,26%"
"23.09.2019","95,375","95,375","95,375","95,375","0,26%"
"20.09.2019","95,125","95,125","95,375","95,125","0,00%"
"19.09.2019","95,125","95,125","95,125","95,125","0,13%"
"18.09.2019","95,000","94,625","95,000","94,625","0,40%"
"17.09.2019","94,625","94,500","94,625","94,500","0,13%"
"16.09.2019","94,500","94,750","94,750","94,500","-0,26%"
"13.09.2019","94,750","95,250","95,250","94,750","-0,52%"
"12.09.2019","95,250","95,125","95,250","95,125","0,00%"
"11.09.2019","95,250","95,500","95,500","95,250","-0,26%"
"10.09.2019","95,500","96,250","96,250","95,500","-0,78%"
"09.09.2019","96,250","96,375","96,375","96,250","0,26%"
"06.09.2019","96,000","96,500","96,500","96,000","-0,65%"
"05.09.2019","96,625","96,500","96,625","96,500","0,26%"
"04.09.2019","96,375","96,375","96,500","96,375","0,26%"
"03.09.2019","96,125","96,000","96,125","95,875","0,13%"
"02.09.2019","96,000","96,000","96,000","96,000","0,13%"
"30.08.2019","95,875","96,000","96,000","95,875","-0,13%"
"29.08.2019","96,000","96,000","96,000","96,000","0,00%"
"28.08.2019","96,000","95,875","96,000","95,875","0,13%"
"27.08.2019","95,875","95,875","95,875","95,750","-0,13%"
"26.08.2019","96,000","96,000","96,000","96,000","0,00%"
"23.08.2019","96,000","96,125","96,125","96,000","0,00%"
"22.08.2019","96,000","96,125","96,125","95,875","0,13%"
"21.08.2019","95,875","96,000","96,000","95,875","0,13%"
"20.08.2019","95,750","95,750","95,750","95,750","0,00%"
"19.08.2019","95,750","95,750","95,750","95,750","0,00%"
"16.08.2019","95,750","96,000","96,000","95,750","0,00%"
"15.08.2019","95,750","96,125","96,125","95,750","-0,39%"
"14.08.2019","96,125","96,250","96,250","96,125","-0,26%"
"13.08.2019","96,375","97,000","97,000","96,250","-0,64%"
"12.08.2019","97,000","97,000","97,000","97,000","0,00%"
"09.08.2019","97,000","96,875","97,000","96,875","0,00%"
"08.08.2019","97,000","96,875","97,000","96,875","0,13%"
"07.08.2019","96,875","96,750","96,875","96,750","0,13%"
"06.08.2019","96,750","96,500","96,750","96,500","-0,13%"
"05.08.2019","96,875","97,750","97,750","96,875","-0,90%"
"02.08.2019","97,750","97,125","97,750","97,125","0,77%"
"01.08.2019","97,000","97,250","97,250","97,000","-0,26%"
"31.07.2019","97,250","97,375","97,375","97,250","-0,38%"
"30.07.2019","97,625","97,625","97,625","97,375","-0,13%"
"29.07.2019","97,750","97,750","97,750","97,625","0,00%"
"26.07.2019","97,750","98,000","98,000","97,750","-0,16%"
"25.07.2019","97,910","97,875","98,000","97,875","0,04%"
"24.07.2019","97,875","97,875","97,875","97,875","-0,13%"
"23.07.2019","98,000","98,000","98,000","98,000","0,13%"
"22.07.2019","97,875","97,875","98,000","97,875","0,26%"
"19.07.2019","97,625","97,625","97,625","97,625","-0,13%"
"18.07.2019","97,750","97,750","97,750","97,750","0,00%"
"17.07.2019","97,750","97,750","97,750","97,750","0,13%"
"16.07.2019","97,625","97,625","97,625","97,625","0,00%"
"15.07.2019","97,625","97,625","97,625","97,625","-0,13%"
"12.07.2019","97,750","98,000","98,000","97,750","-0,26%"
"11.07.2019","98,000","98,000","98,000","98,000","0,11%"
"10.07.2019","97,890","98,000","98,000","97,890","-0,11%"
"09.07.2019","98,000","98,000","98,000","98,000","0,13%"
"08.07.2019","97,875","97,875","97,875","97,875","-0,13%"
"05.07.2019","98,000","98,000","98,000","98,000","0,00%"
"04.07.2019","98,000","98,000","98,000","98,000","0,00%"
"03.07.2019","98,000","97,875","98,000","97,875","0,77%"
"02.07.2019","97,250","97,250","97,250","97,250","0,26%"
"01.07.2019","97,000","97,000","97,000","97,000","0,00%"
"28.06.2019","97,000","97,000","97,000","97,000","0,00%"
"27.06.2019","97,000","97,000","97,000","97,000","0,09%"
"26.06.2019","96,910","96,625","97,000","96,625","0,82%"
"25.06.2019","96,125","96,125","96,625","96,125","-0,13%"
"24.06.2019","96,250","96,250","96,250","96,250","-0,39%"
"21.06.2019","96,625","96,375","96,625","96,250","0,65%"
"20.06.2019","96,000","96,000","96,000","96,000","0,39%"
"19.06.2019","95,625","95,625","95,625","95,625","0,00%"
"18.06.2019","95,625","95,625","95,625","95,625","0,13%"
"17.06.2019","95,500","95,500","95,500","95,500","0,39%"
"14.06.2019","95,125","95,125","95,125","95,125","-0,09%"
"13.06.2019","95,210","95,500","95,500","95,210","-0,17%"
"12.06.2019","95,375","95,375","95,500","95,375","0,26%"
"11.06.2019","95,125","95,000","95,125","95,000","0,53%"
"10.06.2019","94,625","94,625","94,625","94,625","0,26%"
"07.06.2019","94,375","94,375","94,375","94,375","-0,12%"
"06.06.2019","94,490","94,375","94,490","94,375","-0,14%"
"05.06.2019","94,625","94,625","94,625","94,375","-0,39%"
"04.06.2019","95,000","95,000","95,000","95,000","-0,52%"
"03.06.2019","95,500","95,500","95,500","95,000","0,00%"
"31.05.2019","95,500","95,500","95,500","95,500","0,53%"
"30.05.2019","95,000","95,000","95,000","95,000","0,13%"
"29.05.2019","94,875","94,875","94,875","94,875","0,26%"
"28.05.2019","94,625","94,625","94,625","94,625","0,00%"
"27.05.2019","94,625","94,750","94,750","94,625","-0,13%"
"24.05.2019","94,750","94,250","94,750","94,250","0,66%"
"23.05.2019","94,125","94,125","94,125","94,125","0,27%"
"22.05.2019","93,875","94,000","94,125","93,875","0,13%"
"21.05.2019","93,750","93,750","93,750","93,750","0,13%"
"20.05.2019","93,625","93,625","93,750","93,625","0,00%"
"17.05.2019","93,625","93,500","93,625","93,500","0,27%"
"16.05.2019","93,375","93,375","93,500","93,375","0,00%"
"15.05.2019","93,375","93,250","93,375","93,250","-0,66%"
"14.05.2019","94,000","94,000","94,000","93,250","0,67%"
"13.05.2019","93,375","93,375","93,375","93,375","-0,13%"
"10.05.2019","93,500","93,500","93,500","93,500","0,13%"
"09.05.2019","93,375","93,375","93,500","93,375","-0,27%"
"08.05.2019","93,625","93,625","93,625","93,625","-0,13%"
"07.05.2019","93,750","93,750","93,750","93,750","0,13%"
"06.05.2019","93,625","93,625","93,750","93,625","0,00%"
"03.05.2019","93,625","93,625","93,625","93,625","0,13%"
"02.05.2019","93,500","93,500","93,500","93,500","-0,13%"
"01.05.2019","93,625","93,625","93,625","93,625","0,00%"
"30.04.2019","93,625","93,625","93,625","93,625","-0,13%"
"29.04.2019","93,750","93,750","93,750","93,750","-0,79%"
"26.04.2019","94,500","94,500","94,500","94,500","0,00%"
"25.04.2019","94,500","94,500","94,500","94,500","0,00%"
"24.04.2019","94,500","94,250","94,500","94,250","0,40%"
"23.04.2019","94,125","94,125","94,250","94,125","0,00%"
"22.04.2019","94,125","94,125","94,125","94,125","0,00%"
"19.04.2019","94,125","94,125","94,125","94,125","0,00%"
"18.04.2019","94,125","94,125","94,125","94,125","0,13%"
"17.04.2019","94,000","94,000","94,125","94,000","0,00%"
"16.04.2019","94,000","93,750","94,000","93,750","0,27%"
"15.04.2019","93,750","93,750","93,750","93,750","-0,13%"
"12.04.2019","93,875","93,875","93,875","93,875","-0,27%"
"11.04.2019","94,125","94,125","94,125","94,125","0,13%"
"10.04.2019","94,000","94,000","94,125","94,000","0,02%"
"09.04.2019","93,980","94,000","94,000","93,980","0,25%"
"08.04.2019","93,750","93,750","93,750","93,750","0,00%"
"05.04.2019","93,750","93,750","93,750","93,750","-0,13%"
"04.04.2019","93,875","93,875","93,875","93,875","-0,27%"
"03.04.2019","94,125","94,125","94,125","94,125","-0,13%"
"02.04.2019","94,250","94,250","94,250","94,250","1,07%"
"01.04.2019","93,250","93,250","93,250","93,250","0,27%"
"29.03.2019","93,000","93,000","93,000","93,000","-0,40%"
"28.03.2019","93,375","93,375","93,375","93,375","0,00%"
"27.03.2019","93,375","92,375","93,375","92,375","1,36%"
"26.03.2019","92,125","92,125","92,125","92,125","0,14%"
"25.03.2019","92,000","92,000","92,000","92,000","-0,14%"
"22.03.2019","92,125","92,125","92,125","92,125","0,41%"
"21.03.2019","91,750","91,750","91,750","91,750","-0,14%"
"20.03.2019","91,875","91,875","91,875","91,875","0,27%"
"19.03.2019","91,625","91,625","91,625","91,625","0,27%"
"18.03.2019","91,375","91,375","91,375","91,375","0,00%"
"15.03.2019","91,375","91,375","91,375","91,375","0,00%"
"14.03.2019","91,375","91,375","91,375","91,375","0,14%"
"13.03.2019","91,250","91,250","91,250","91,250","0,00%"
"12.03.2019","91,250","91,250","91,250","91,250","-0,26%"
"11.03.2019","91,490","91,375","91,490","91,375","0,13%"
"08.03.2019","91,375","91,375","91,375","91,375","0,00%"
"07.03.2019","91,375","91,375","91,375","91,375","0,14%"
"06.03.2019","91,250","91,250","91,250","91,250","-0,14%"
"05.03.2019","91,375","91,375","91,375","91,375","0,14%"
"04.03.2019","91,250","91,375","91,375","91,250","-0,41%"
"01.03.2019","91,625","91,625","91,625","91,625","0,00%"
"28.02.2019","91,625","91,125","91,625","91,125","0,55%"
"27.02.2019","91,125","91,125","91,125","91,125","0,00%"
"26.02.2019","91,125","90,875","91,125","90,875","0,55%"
"25.02.2019","90,625","90,625","90,625","90,625","0,00%"
"22.02.2019","90,625","90,625","90,625","90,625","-0,14%"
"21.02.2019","90,750","90,750","90,750","90,750","-0,27%"
"20.02.2019","91,000","90,500","91,000","90,500","0,53%"
"19.02.2019","90,520","90,625","90,625","90,520","-0,12%"
"18.02.2019","90,625","90,625","90,625","90,625","0,14%"
"15.02.2019","90,500","90,500","90,500","90,500","0,14%"
"14.02.2019","90,375","90,375","90,375","90,375","0,84%"
"13.02.2019","89,625","89,625","89,625","89,625","0,70%"
"12.02.2019","89,000","89,875","89,875","89,000","-0,97%"
"11.02.2019","89,875","90,125","90,125","89,875","-0,28%"
"08.02.2019","90,125","90,500","90,500","90,125","-0,41%"
"07.02.2019","90,500","90,750","90,750","90,500","-0,28%"
"06.02.2019","90,750","90,750","90,750","90,750","0,00%"
"05.02.2019","90,750","90,500","90,750","90,500","0,28%"
"04.02.2019","90,500","90,500","90,500","90,500","0,00%"
"01.02.2019","90,500","89,875","90,500","89,875","0,70%"
"31.01.2019","89,875","90,125","90,125","89,875","-0,28%"
"30.01.2019","90,125","91,000","91,000","90,125","-0,96%"
"29.01.2019","91,000","91,250","91,250","91,000","-0,27%"
"28.01.2019","91,250","91,250","91,250","91,175","0,00%"
"25.01.2019","91,250","91,125","91,250","91,125","0,14%"
"24.01.2019","91,125","89,625","91,125","89,625","1,67%"
"23.01.2019","89,625","88,625","89,625","88,625","1,13%"
"22.01.2019","88,625","87,750","88,625","87,750","1,00%"
"21.01.2019","87,750","87,750","87,750","87,750","0,00%"
"18.01.2019","87,750","87,500","87,750","87,500","0,27%"
"17.01.2019","87,510","87,830","87,830","87,510","-0,36%"
"16.01.2019","87,830","87,660","87,830","87,660","0,19%"
"15.01.2019","87,660","87,560","87,660","87,421","0,11%"
"14.01.2019","87,560","87,410","87,560","87,410","0,17%"
"11.01.2019","87,410","87,410","87,410","87,410","0,00%"
"10.01.2019","87,410","87,090","87,410","87,090","0,37%"
"09.01.2019","87,090","86,440","87,090","86,440","0,75%"
"08.01.2019","86,440","86,440","86,440","86,440","0,00%"
"07.01.2019","86,440","85,950","86,440","85,950","0,57%"
"04.01.2019","85,950","85,830","85,950","85,830","0,14%"
"03.01.2019","85,830","85,730","85,830","85,730","0,12%"
"02.01.2019","85,730","85,940","85,940","85,500","-0,24%"
"01.01.2019","85,940","85,940","85,940","85,940","0,00%"
"31.12.2018","85,940","85,770","85,940","85,770","0,20%"
"28.12.2018","85,770","85,360","85,770","85,360","0,48%"
"27.12.2018","85,360","85,340","85,500","85,340","0,02%"
"26.12.2018","85,340","86,120","86,120","85,340","-0,91%"
"25.12.2018","86,120","86,120","86,120","86,120","0,00%"
"24.12.2018","86,120","86,120","86,120","86,120","0,00%"
"21.12.2018","86,120","86,130","86,130","86,120","-0,37%"
"20.12.2018","86,440","86,290","86,440","86,290","0,17%"
"19.12.2018","86,290","86,440","86,440","86,290","-0,17%"
"18.12.2018","86,440","86,440","86,440","86,440","1,10%"
"17.12.2018","85,500","85,500","85,500","85,500","0,00%"
"14.12.2018","85,500","86,090","86,090","85,500","-0,58%"
"13.12.2018","86,000","85,700","86,000","85,500","0,35%"
"12.12.2018","85,700","85,550","85,700","85,550","0,18%"
"11.12.2018","85,550","86,040","86,040","85,550","-0,57%"
"10.12.2018","86,040","86,150","86,150","86,040","-0,13%"
"07.12.2018","86,150","86,320","86,320","85,500","-0,20%"
"06.12.2018","86,320","86,320","86,320","86,320","0,00%"
"05.12.2018","86,320","86,220","86,320","86,220","0,12%"
"04.12.2018","86,220","85,500","86,220","85,500","0,84%"
"03.12.2018","85,500","85,850","85,850","85,500","-0,41%"
"30.11.2018","85,850","85,830","85,850","85,830","0,02%"
"29.11.2018","85,830","85,740","85,830","85,740","0,10%"
"28.11.2018","85,740","86,280","86,280","85,740","-0,63%"
"27.11.2018","86,280","86,250","86,280","86,250","-0,11%"
"26.11.2018","86,375","86,375","86,375","86,375","0,00%"
"23.11.2018","86,375","88,000","88,000","86,375","-1,85%"
"22.11.2018","88,000","88,000","88,000","88,000","-1,62%"
"21.11.2018","89,450","89,450","89,450","89,450","0,00%"
"20.11.2018","89,450","89,500","89,500","89,450","-0,06%"
"19.11.2018","89,500","89,500","89,500","89,500","0,00%"
"16.11.2018","89,500","89,500","89,500","89,500","0,00%"
"15.11.2018","89,500","89,500","89,500","89,500","0,00%"
"14.11.2018","89,500","89,500","89,500","89,500","0,00%"
"13.11.2018","89,500","89,500","89,500","89,500","0,00%"
"12.11.2018","89,500","89,500","89,500","89,500","0,00%"
"09.11.2018","89,500","89,500","89,500","89,500","0,00%"
"08.11.2018","89,500","89,500","89,500","89,500","0,00%"
"07.11.2018","89,500","89,500","89,500","89,500","0,00%"
"06.11.2018","89,500","92,125","92,125","89,500","-2,85%"
"05.11.2018","92,125","92,125","92,125","92,125","0,00%"
"02.11.2018","92,125","92,125","92,125","92,125","0,00%"
"01.11.2018","92,125","92,125","92,125","92,125","0,00%"
"31.10.2018","92,125","92,125","92,125","92,125","0,00%"
"30.10.2018","92,125","92,125","92,125","92,125","0,00%"
"29.10.2018","92,125","92,125","92,125","92,125","0,00%"
"26.10.2018","92,125","92,125","92,125","92,125","0,00%"
"25.10.2018","92,125","92,125","92,125","92,125","0,00%"
"24.10.2018","92,125","92,125","92,125","92,125","0,00%"
"23.10.2018","92,125","92,125","92,125","92,125","0,00%"
"22.10.2018","92,125","92,125","92,125","92,125","0,00%"
"19.10.2018","92,125","92,125","92,125","92,125","0,00%"
"18.10.2018","92,125","92,125","92,125","92,125","0,00%"
"17.10.2018","92,125","92,125","92,125","92,125","0,00%"
"16.10.2018","92,125","92,125","92,125","92,125","0,00%"
"15.10.2018","92,125","92,125","92,125","92,125","0,00%"
"12.10.2018","92,125","92,125","92,125","92,125","0,00%"
"11.10.2018","92,125","92,125","92,125","92,125","0,00%"
"10.10.2018","92,125","92,560","92,560","92,125","-0,47%"
"09.10.2018","92,560","92,560","92,560","92,560","0,00%"
"08.10.2018","92,560","93,500","93,500","92,560","-1,01%"
"05.10.2018","93,500","93,500","93,500","93,500","-0,66%"
"04.10.2018","94,125","94,125","94,125","94,125","0,00%"
"03.10.2018","94,125","94,125","94,125","94,125","-0,40%"
"02.10.2018","94,500","94,500","94,500","94,500","0,00%"
"01.10.2018","94,500","95,450","95,450","94,500","-1,56%"
"28.09.2018","96,000","94,000","96,000","94,000","2,13%"
"27.09.2018","94,000","94,000","94,000","94,000","0,00%"
"26.09.2018","94,000","93,375","94,250","93,375","0,67%"
"25.09.2018","93,375","93,375","93,375","93,375","0,67%"
"24.09.2018","92,750","92,750","93,250","92,750","0,00%"
"21.09.2018","92,750","92,125","92,750","92,125","0,68%"
"20.09.2018","92,125","91,500","92,125","91,500","0,68%"
"19.09.2018","91,500","91,250","91,500","91,250","0,27%"
"18.09.2018","91,250","90,875","91,250","90,875","0,41%"
"17.09.2018","90,875","90,875","90,875","90,875","0,00%"
"14.09.2018","90,875","90,875","90,875","90,875","0,00%"
"13.09.2018","90,875","90,875","90,875","90,875","0,41%"
"12.09.2018","90,500","90,750","90,750","90,500","-0,28%"
"11.09.2018","90,750","90,750","90,750","90,750","0,00%"
"10.09.2018","90,750","91,000","91,000","90,750","-0,27%"
"07.09.2018","91,000","91,000","91,000","91,000","0,00%"
"06.09.2018","91,000","91,000","91,000","91,000","0,00%"
"05.09.2018","91,000","91,000","91,000","91,000","0,00%"
"04.09.2018","91,000","91,125","91,125","91,000","-0,14%"
"03.09.2018","91,125","91,125","91,125","91,125","0,00%"
"31.08.2018","91,125","91,375","91,375","91,125","-0,27%"
"30.08.2018","91,375","91,500","91,500","91,375","-0,14%"
"29.08.2018","91,500","91,625","91,625","91,500","-0,14%"
"28.08.2018","91,625","91,625","91,625","91,625","0,00%"
"27.08.2018","91,625","91,625","91,625","91,625","0,00%"
"24.08.2018","91,625","91,500","91,625","91,500","0,14%"
"23.08.2018","91,500","91,375","91,500","91,375","0,14%"
"22.08.2018","91,375","91,125","91,375","91,125","0,27%"
"21.08.2018","91,125","91,000","91,375","91,000","0,14%"
"20.08.2018","91,000","91,000","91,000","91,000","0,00%"
"17.08.2018","91,000","90,750","91,000","90,750","0,28%"
"16.08.2018","90,750","90,625","90,750","90,625","0,14%"
"15.08.2018","90,625","90,500","90,625","90,500","0,14%"
"14.08.2018","90,500","90,750","90,750","90,500","-0,28%"
"13.08.2018","90,750","90,750","90,750","90,750","0,00%"
"10.08.2018","90,750","91,000","91,000","90,750","-0,27%"
"09.08.2018","91,000","91,000","91,000","91,000","0,17%"
"08.08.2018","90,850","91,400","91,400","90,850","-0,60%"
"07.08.2018","91,400","91,250","91,400","91,250","0,16%"
"06.08.2018","91,250","91,200","91,250","91,200","0,05%"
"03.08.2018","91,200","90,875","91,200","90,875","0,36%"
"02.08.2018","90,875","91,125","91,125","90,875","-0,27%"
"01.08.2018","91,125","90,500","91,125","90,500","0,69%"
"31.07.2018","90,500","90,500","90,500","90,500","0,00%"
"30.07.2018","90,500","90,700","90,700","90,500","-0,22%"
"27.07.2018","90,700","90,700","90,700","90,700","0,00%"
"26.07.2018","90,700","90,750","90,750","90,700","-0,06%"
"25.07.2018","90,750","90,400","90,750","90,400","0,41%"
"24.07.2018","90,375","90,400","90,400","90,375","-0,03%"
"23.07.2018","90,400","90,500","90,500","90,400","-0,11%"
"20.07.2018","90,500","90,500","90,500","90,500","0,00%"
"19.07.2018","90,500","90,875","90,875","90,500","0,56%"
"18.07.2018","90,000","90,000","90,000","90,000","0,00%"
"17.07.2018","90,000","90,000","90,000","90,000","-0,28%"
"16.07.2018","90,250","90,250","90,250","90,000","1,06%"
"13.07.2018","89,300","89,300","89,300","89,300","0,11%"
"12.07.2018","89,200","89,200","89,200","89,200","0,00%"
"11.07.2018","89,200","89,200","89,200","89,200","0,00%"
"10.07.2018","89,200","89,250","89,250","89,125","0,00%"
"09.07.2018","89,200","88,108","89,200","88,108","1,24%"
"06.07.2018","88,108","87,875","88,108","87,875","0,98%"
"05.07.2018","87,250","87,250","87,250","87,250","0,00%"
"04.07.2018","87,250","87,250","87,250","87,250","0,00%"
"03.07.2018","87,250","87,000","87,250","87,000","0,29%"
"02.07.2018","87,000","87,000","87,000","87,000","0,00%"
"29.06.2018","87,000","86,850","87,000","86,850","0,23%"
"28.06.2018","86,800","87,000","87,000","86,800","-0,23%"
"27.06.2018","87,000","87,375","87,375","86,875","-0,43%"
"26.06.2018","87,375","87,375","87,375","87,375","-0,14%"
"25.06.2018","87,500","87,625","87,625","87,500","0,43%"
"22.06.2018","87,125","87,750","87,750","87,125","-0,71%"
"21.06.2018","87,750","87,750","87,750","87,750","0,00%"
"20.06.2018","87,750","87,625","87,750","87,625","0,14%"
"19.06.2018","87,625","88,250","88,250","87,625","-1,96%"
"18.06.2018","89,375","89,750","89,750","89,375","-0,42%"
"15.06.2018","89,750","89,875","89,875","89,750","-0,28%"
"14.06.2018","90,000","89,625","90,000","89,625","0,42%"
"13.06.2018","89,625","89,750","89,750","89,625","-0,14%"
"12.06.2018","89,750","89,875","89,875","89,750","-0,14%"
"11.06.2018","89,875","90,000","90,000","89,875","-0,14%"
"08.06.2018","90,000","90,250","90,250","90,000","-0,14%"
"07.06.2018","90,125","90,125","90,125","90,125","0,00%"
"06.06.2018","90,125","90,125","90,125","90,125","0,14%"
"05.06.2018","90,000","90,000","90,000","89,817","0,00%"
"04.06.2018","90,000","90,000","90,250","90,000","0,14%"
"01.06.2018","89,875","90,500","90,500","89,875","-0,69%"
"31.05.2018","90,500","90,500","90,500","90,500","0,00%"
"30.05.2018","90,500","90,750","90,836","90,500","-0,28%"
"29.05.2018","90,750","90,875","90,875","90,750","-0,14%"
"28.05.2018","90,875","90,875","90,875","90,875","0,00%"
"25.05.2018","90,875","90,875","90,875","90,875","0,00%"
"24.05.2018","90,875","91,000","91,000","90,875","0,14%"
"23.05.2018","90,750","90,750","91,000","90,750","0,55%"
"22.05.2018","90,250","89,750","90,250","89,750","0,56%"
"21.05.2018","89,750","88,500","89,750","88,500","1,41%"
"18.05.2018","88,500","89,750","90,750","88,500","-1,67%"
"17.05.2018","90,000","90,875","90,875","90,000","-0,96%"
"16.05.2018","90,875","90,875","90,875","90,875","-0,14%"
"15.05.2018","91,000","91,375","92,250","91,000","-0,82%"
"14.05.2018","91,750","91,750","91,750","91,750","0,00%"
"11.05.2018","91,750","90,750","91,750","90,750","1,66%"
"10.05.2018","90,250","89,750","90,250","89,750","0,28%"
"09.05.2018","90,000","90,000","90,000","90,000","-1,10%"
"08.05.2018","91,000","91,000","91,000","91,000","-1,36%"
"07.05.2018","92,250","92,250","92,250","91,000","1,37%"
"04.05.2018","91,000","92,250","92,250","91,000","-1,62%"
"03.05.2018","92,500","92,750","92,750","92,500","0,54%"
"02.05.2018","92,000","92,000","92,000","92,000","0,00%"
"01.05.2018","92,000","93,250","93,250","92,000","-1,34%"
"30.04.2018","93,250","93,250","93,250","93,250","0,00%"
"27.04.2018","93,250","92,750","93,250","92,750","0,54%"
"26.04.2018","92,750","92,750","93,250","92,750","0,00%"
"25.04.2018","92,750","93,000","93,000","92,750","-0,27%"
"24.04.2018","93,000","93,500","93,500","93,000","-0,53%"
"23.04.2018","93,500","93,625","93,625","93,500","-0,13%"
"20.04.2018","93,625","93,750","93,750","93,625","-0,13%"
"19.04.2018","93,750","93,875","93,875","93,750","-0,13%"
"18.04.2018","93,875","93,750","93,875","93,750","0,13%"
"17.04.2018","93,750","93,875","93,875","93,750","-0,13%"
"16.04.2018","93,875","93,750","93,875","93,750","0,13%"
"13.04.2018","93,750","93,875","93,875","93,750","-0,13%"
"12.04.2018","93,875","93,750","93,875","93,750","0,13%"
"11.04.2018","93,750","93,875","93,875","93,750","-0,13%"
"10.04.2018","93,875","94,125","94,125","93,875","-0,27%"
"09.04.2018","94,125","94,250","94,250","94,125","-0,13%"
"06.04.2018","94,250","94,125","94,250","94,125","0,13%"
"05.04.2018","94,125","94,000","94,125","94,000","0,13%"
"04.04.2018","94,000","94,125","94,125","94,000","-0,13%"
"03.04.2018","94,125","94,250","94,250","94,125","-0,13%"
"02.04.2018","94,250","94,125","94,250","94,125","0,13%"
"30.03.2018","94,125","94,125","94,125","94,125","0,00%"
"29.03.2018","94,125","94,375","94,375","94,125","-0,26%"
"28.03.2018","94,375","93,875","94,375","93,875","0,53%"
"27.03.2018","93,875","94,000","94,000","93,875","-0,13%"
"26.03.2018","94,000","93,875","94,000","93,875","0,13%"
"23.03.2018","93,875","93,625","93,875","93,625","0,27%"
"22.03.2018","93,625","93,750","93,750","93,625","-0,13%"
"21.03.2018","93,750","93,875","93,875","93,750","-0,13%"
"20.03.2018","93,875","94,250","94,250","93,875","-0,40%"
"19.03.2018","94,250","94,375","94,375","94,250","-0,13%"
"16.03.2018","94,375","94,250","94,375","94,250","0,13%"
"15.03.2018","94,250","94,375","94,375","94,250","-0,13%"
"14.03.2018","94,375","94,250","94,375","94,250","0,13%"
"13.03.2018","94,250","94,000","94,250","94,000","0,27%"
"12.03.2018","94,000","93,875","94,000","93,875","0,13%"
"09.03.2018","93,875","93,750","93,875","93,750","0,13%"
"08.03.2018","93,750","94,000","94,000","93,750","-0,27%"
"07.03.2018","94,000","93,750","94,000","93,750","0,27%"
"06.03.2018","93,750","93,500","93,750","93,500","0,27%"
"05.03.2018","93,500","93,625","93,625","93,500","-0,13%"
"02.03.2018","93,625","93,875","93,875","93,625","-0,27%"
"01.03.2018","93,875","94,125","94,125","93,875","-0,27%"
"28.02.2018","94,125","93,750","94,125","93,750","0,40%"
"27.02.2018","93,750","93,500","93,750","93,500","0,27%"
"26.02.2018","93,500","93,500","93,500","93,500","0,00%"
"23.02.2018","93,500","93,500","93,500","93,500","0,00%"
"22.02.2018","93,500","93,500","93,500","93,500","0,00%"
"21.02.2018","93,500","94,125","94,125","93,500","-0,66%"
"20.02.2018","94,125","93,875","94,125","93,875","0,27%"
"19.02.2018","93,875","93,875","93,875","93,875","0,00%"
"16.02.2018","93,875","94,250","94,250","93,875","-0,40%"
"15.02.2018","94,250","94,500","94,500","94,250","-0,26%"
"14.02.2018","94,500","94,750","94,750","94,500","-0,26%"
"13.02.2018","94,750","95,500","95,500","94,750","-0,79%"
"12.02.2018","95,500","95,680","95,680","95,500","-1,04%"
"09.02.2018","96,500","97,000","97,000","96,500","-0,64%"
"08.02.2018","97,125","97,125","97,125","97,125","0,00%"
"07.02.2018","97,125","97,250","97,250","97,125","-0,13%"
"06.02.2018","97,250","97,500","97,500","97,250","-0,26%"
"05.02.2018","97,500","98,000","98,000","97,500","-0,51%"
"02.02.2018","98,000","98,500","98,500","98,000","-0,51%"
"01.02.2018","98,500","98,375","98,500","98,375","0,13%"
"31.01.2018","98,375","98,625","98,625","98,375","-0,25%"
"30.01.2018","98,625","98,750","98,750","98,625","-0,13%"
"29.01.2018","98,750","98,375","98,750","98,375","0,38%"
"26.01.2018","98,375","98,250","98,375","98,250","0,13%"
"25.01.2018","98,250","98,375","98,375","98,250","-0,13%"
"24.01.2018","98,375","98,250","98,375","98,250","0,13%"
"23.01.2018","98,250","98,000","98,250","98,000","0,26%"
"22.01.2018","98,000","98,125","98,125","98,000","-0,13%"
"19.01.2018","98,125","97,375","98,125","97,375","0,77%"
"18.01.2018","97,375","96,750","97,375","96,750","0,65%"
"17.01.2018","96,750","96,750","96,750","96,750","0,00%"
"16.01.2018","96,750","96,875","96,875","96,750","-0,13%"
"15.01.2018","96,875","96,875","96,875","96,875","0,00%"
"12.01.2018","96,875","97,000","97,000","96,875","-0,13%"
"11.01.2018","97,000","97,125","97,125","97,000","-0,13%"
"10.01.2018","97,125","97,250","97,250","97,125","-0,13%"
"09.01.2018","97,250","97,303","97,303","97,250","-0,05%"
"08.01.2018","97,303","96,750","97,303","96,750","0,57%"
"05.01.2018","96,750","96,750","96,750","96,750","0,00%"
"04.01.2018","96,750","96,500","96,750","96,500","0,26%"
"03.01.2018","96,500","96,500","96,500","96,500","0,00%"
"02.01.2018","96,500","96,500","96,500","96,500","0,00%"
"01.01.2018","96,500","96,500","96,500","96,500","0,00%"
"29.12.2017","96,500","96,500","96,500","96,500","0,00%"
"28.12.2017","96,500","96,500","96,500","96,500","0,00%"
"27.12.2017","96,500","96,840","96,884","96,500","-0,35%"
"26.12.2017","96,840","96,500","96,840","96,500","0,35%"
"25.12.2017","96,500","96,500","96,500","96,500","0,00%"
"22.12.2017","96,500","96,500","96,500","96,500","0,00%"
"21.12.2017","96,500","96,625","96,833","96,500","-0,26%"
"20.12.2017","96,750","96,750","96,750","96,750","0,00%"
"19.12.2017","96,750","96,750","96,750","96,750","0,00%"
"18.12.2017","96,750","96,750","96,750","96,750","0,00%"
"15.12.2017","96,750","96,750","96,750","96,750","0,00%"
"14.12.2017","96,750","96,750","96,875","96,750","0,00%"
"13.12.2017","96,750","96,750","96,750","96,750","0,26%"
"12.12.2017","96,500","96,500","96,500","96,500","0,00%"
"11.12.2017","96,500","96,500","96,500","96,500","0,00%"
"08.12.2017","96,500","97,000","97,000","96,500","-0,52%"
"07.12.2017","97,000","97,000","97,000","97,000","0,00%"
"06.12.2017","97,000","97,000","97,000","97,000","0,00%"
"05.12.2017","97,000","97,000","97,000","97,000","0,00%"
"04.12.2017","97,000","97,000","97,000","97,000","0,00%"
"01.12.2017","97,000","97,000","97,000","97,000","0,00%"
"30.11.2017","97,000","97,500","97,500","97,000","-0,51%"
"29.11.2017","97,500","97,500","97,500","97,500","0,00%"
"28.11.2017","97,500","97,250","97,500","97,250","0,26%"
"27.11.2017","97,250","97,625","97,625","97,250","-0,38%"
"24.11.2017","97,625","97,625","97,625","97,625","0,00%"
"23.11.2017","97,625","97,500","97,625","97,500","0,13%"
"22.11.2017","97,500","97,250","97,500","97,250","0,26%"
"21.11.2017","97,250","98,000","98,000","97,250","-0,77%"
"20.11.2017","98,000","97,125","98,000","97,125","0,90%"
"17.11.2017","97,125","96,875","97,125","96,875","0,26%"
"16.11.2017","96,875","97,000","97,000","96,875","-0,13%"
"15.11.2017","97,000","96,875","97,000","96,875","0,13%"
"14.11.2017","96,875","96,750","96,875","96,750","0,13%"
"13.11.2017","96,750","96,875","96,875","96,750","-0,13%"
"10.11.2017","96,875","97,000","97,000","96,875","-0,13%"
"09.11.2017","97,000","97,250","97,250","97,000","-0,26%"
"08.11.2017","97,250","97,375","97,375","97,250","-0,13%"
"07.11.2017","97,375","97,250","97,375","97,250","0,13%"
"06.11.2017","97,250","97,375","97,375","97,250","-0,13%"
"03.11.2017","97,375","97,250","97,375","97,250","0,13%"
"02.11.2017","97,250","97,000","97,250","97,000","0,26%"
"01.11.2017","97,000","97,125","97,125","97,000","-0,13%"
"31.10.2017","97,125","97,000","97,125","97,000","0,13%"
"30.10.2017","97,000","96,625","97,000","96,625","0,39%"
"27.10.2017","96,625","96,750","96,750","96,625","-0,13%"
"26.10.2017","96,750","97,000","97,000","96,750","-0,26%"
"25.10.2017","97,000","97,375","97,375","97,000","-0,39%"
"24.10.2017","97,375","97,250","97,375","97,250","0,13%"
"23.10.2017","97,250","97,250","97,250","97,250","0,00%"
"20.10.2017","97,250","97,250","97,250","97,250","0,00%"
"19.10.2017","97,250","97,375","97,375","97,250","-0,13%"
"18.10.2017","97,375","97,375","97,375","97,375","0,13%"
"17.10.2017","97,250","97,375","97,375","97,250","-0,13%"
"16.10.2017","97,375","97,250","97,375","97,250","0,13%"
"13.10.2017","97,250","97,125","97,250","97,125","0,13%"
"12.10.2017","97,125","97,125","97,125","97,125","0,00%"
"11.10.2017","97,125","96,875","97,125","96,875","0,26%"
"10.10.2017","96,875","96,875","96,875","96,875","0,00%"
"09.10.2017","96,875","97,125","97,125","96,875","-0,26%"
"06.10.2017","97,125","97,250","97,250","97,125","-0,13%"
"05.10.2017","97,250","96,875","97,250","96,875","0,39%"
"04.10.2017","96,875","97,500","97,500","96,875","-0,64%"
"03.10.2017","97,500","97,500","97,500","97,500","0,00%"
"02.10.2017","97,500","97,500","97,500","97,500","0,00%"
"29.09.2017","97,500","97,500","97,500","97,500","0,00%"
"28.09.2017","97,500","98,000","98,000","97,125","-0,26%"
"27.09.2017","97,750","97,750","98,000","97,750","0,00%"
"26.09.2017","97,750","97,750","97,750","97,750","0,00%"
"25.09.2017","97,750","97,750","97,750","97,750","0,00%"
"22.09.2017","97,750","97,750","97,750","97,375","0,00%"
"21.09.2017","97,750","97,750","97,750","97,750","0,00%"
"20.09.2017","97,750","98,250","98,250","97,750","-0,51%"
"19.09.2017","98,250","98,250","98,250","98,250","0,00%"
"18.09.2017","98,250","98,250","98,250","97,875","0,00%"
"15.09.2017","98,250","98,250","98,250","98,250","0,00%"
"14.09.2017","98,250","98,250","98,250","98,250","0,00%"
"13.09.2017","98,250","98,250","98,250","98,250","0,00%"
"12.09.2017","98,250","98,500","98,500","98,250","-0,25%"
"11.09.2017","98,500","98,500","98,500","97,950","0,00%"
"08.09.2017","98,500","97,600","98,500","97,600","0,92%"
"07.09.2017","97,600","98,500","98,500","97,600","-0,91%"
"06.09.2017","98,500","98,500","98,500","98,500","0,25%"
"05.09.2017","98,250","97,875","98,250","97,875","0,38%"
"04.09.2017","97,875","98,000","98,000","97,875","-0,13%"
"01.09.2017","98,000","98,000","98,000","98,000","0,00%"
"31.08.2017","98,000","97,750","98,000","97,750","0,26%"
"30.08.2017","97,750","97,750","97,750","97,750","0,26%"
"29.08.2017","97,500","97,500","97,750","97,500","-0,51%"
"28.08.2017","98,000","97,375","98,000","97,375","0,64%"
"25.08.2017","97,375","97,500","97,500","97,375","-0,13%"
"24.08.2017","97,500","97,500","97,500","97,500","0,00%"
"23.08.2017","97,500","98,000","98,000","97,500","-0,51%"
"22.08.2017","98,000","98,000","98,000","98,000","0,00%"
"21.08.2017","98,000","97,750","98,000","97,750","0,26%"
"18.08.2017","97,750","97,375","97,750","97,375","0,39%"
"17.08.2017","97,375","97,750","97,750","97,375","-0,64%"
"16.08.2017","98,000","98,000","98,000","97,500","0,00%"
"15.08.2017","98,000","98,000","98,000","97,750","0,00%"
"14.08.2017","98,000","98,000","98,000","98,000","0,00%"
"11.08.2017","98,000","98,000","98,000","98,000","0,00%"
"10.08.2017","98,000","98,000","98,000","97,750","0,00%"
"09.08.2017","98,000","98,000","98,000","97,750","0,00%"
"08.08.2017","98,000","98,000","98,000","97,750","0,00%"
"07.08.2017","98,000","98,000","98,000","98,000","0,00%"
"04.08.2017","98,000","98,000","98,000","97,750","0,00%"
"03.08.2017","98,000","98,000","98,000","97,625","0,00%"
"02.08.2017","98,000","98,000","98,000","97,250","0,00%"
"01.08.2017","98,000","98,000","98,000","97,250","0,00%"
"31.07.2017","98,000","97,250","98,000","97,250","0,77%"
"28.07.2017","97,250","97,250","97,250","97,125","0,00%"
"27.07.2017","97,250","97,250","97,250","97,250","0,00%"
"26.07.2017","97,250","97,250","97,250","97,250","0,00%"
"25.07.2017","97,250","97,500","97,500","97,250","-0,26%"
"24.07.2017","97,500","97,750","98,000","97,500","-0,26%"
"21.07.2017","97,750","97,500","97,750","97,500","0,26%"
"20.07.2017","97,500","97,500","97,500","97,500","0,00%"
"19.07.2017","97,500","97,500","97,500","97,500","-0,26%"
"18.07.2017","97,750","97,750","97,750","97,750","0,00%"
"17.07.2017","97,750","97,750","97,750","97,750","0,00%"
"14.07.2017","97,750","97,500","97,750","97,500","0,26%"
"13.07.2017","97,500","97,500","97,500","97,500","0,00%"
"12.07.2017","97,500","97,250","97,500","97,250","0,26%"
"11.07.2017","97,250","97,250","97,250","97,250","0,00%"
"10.07.2017","97,250","97,250","97,250","97,250","0,00%"
"07.07.2017","97,250","97,250","97,250","97,250","0,00%"
"06.07.2017","97,250","97,750","97,750","97,250","-0,51%"
"05.07.2017","97,750","97,750","97,750","97,750","0,00%"
"04.07.2017","97,750","97,750","97,750","97,750","0,00%"
"03.07.2017","97,750","97,750","97,750","97,750","0,00%"
"30.06.2017","97,750","98,000","98,000","97,750","-0,26%"
"29.06.2017","98,000","98,000","98,000","98,000","-0,25%"
"28.06.2017","98,250","98,375","98,375","98,000","-0,13%"
"27.06.2017","98,375","98,375","98,375","98,375","0,38%"
"26.06.2017","98,000","98,500","98,500","98,000","-0,25%"
"23.06.2017","98,250","98,125","98,500","98,125","0,13%"
"22.06.2017","98,125","98,125","98,125","98,125","0,00%"
"21.06.2017","98,125","98,250","98,250","98,125","-0,13%"
"20.06.2017","98,250","98,250","98,250","98,250","0,00%"
"19.06.2017","98,250","98,000","98,250","98,000","0,26%"
"16.06.2017","98,000","98,125","98,125","98,000","-0,13%"
"15.06.2017","98,125","98,500","98,500","98,125","-0,38%"
"14.06.2017","98,500","99,250","99,250","98,500","-0,76%"
"13.06.2017","99,250","99,250","99,250","99,250","0,00%"
"12.06.2017","99,250","99,250","99,250","99,250","0,00%"
"09.06.2017","99,250","99,250","99,250","99,125","0,00%"
"08.06.2017","99,250","99,000","99,250","99,000","0,25%"
"07.06.2017","99,000","99,000","99,000","99,000","0,51%"
"06.06.2017","98,500","98,500","99,000","98,500","0,25%"
"05.06.2017","98,250","98,250","98,250","98,250","0,00%"
"02.06.2017","98,250","98,250","98,250","98,250","-0,25%"
"01.06.2017","98,500","98,500","98,500","97,875","0,00%"
"31.05.2017","98,500","98,500","98,500","98,500","0,00%"
"30.05.2017","98,500","97,500","98,500","97,500","1,03%"
"29.05.2017","97,500","97,500","97,500","97,500","0,00%"
"26.05.2017","97,500","95,750","97,500","95,750","1,83%"
"25.05.2017","95,750","95,250","95,750","95,250","0,52%"
"24.05.2017","95,250","95,250","95,500","95,250","0,00%"
"23.05.2017","95,250","95,250","95,250","95,250","0,00%"
"22.05.2017","95,250","95,250","95,250","95,250","0,00%"
"19.05.2017","95,250","95,250","95,250","95,250","-0,52%"
"18.05.2017","95,750","96,250","96,250","95,750","-0,52%"
"17.05.2017","96,250","96,250","96,250","96,250","0,00%"
"16.05.2017","96,250","96,250","96,250","96,250","0,00%"
"15.05.2017","96,250","96,250","96,250","96,250","0,00%"
"12.05.2017","96,250","96,250","96,250","96,250","-0,52%"
"11.05.2017","96,750","96,500","96,750","96,500","0,00%"
"10.05.2017","96,750","97,000","97,000","96,750","-0,26%"
"09.05.2017","97,000","97,000","97,000","97,000","-0,51%"
"08.05.2017","97,500","97,000","97,500","97,000","0,52%"
"05.05.2017","97,000","97,000","97,000","97,000","-0,26%"
"04.05.2017","97,250","97,500","97,500","97,000","-0,77%"
"03.05.2017","98,000","98,000","98,000","98,000","0,00%"
"02.05.2017","98,000","98,000","98,000","97,250","0,00%"
"01.05.2017","98,000","98,000","98,000","98,000","0,00%"
"28.04.2017","98,000","98,000","98,000","97,500","0,00%"
"27.04.2017","98,000","98,000","98,000","97,500","0,00%"
"26.04.2017","98,000","98,000","98,000","97,500","0,00%"
"25.04.2017","98,000","98,000","98,000","97,500","0,00%"
"24.04.2017","98,000","98,000","98,000","98,000","0,00%"
"21.04.2017","98,000","98,000","98,000","97,350","0,00%"
"20.04.2017","98,000","98,000","98,000","98,000","0,00%"
"19.04.2017","98,000","98,000","98,000","97,350","0,00%"
"18.04.2017","98,000","98,000","98,000","98,000","0,00%"
"17.04.2017","98,000","98,000","98,000","98,000","0,00%"
"14.04.2017","98,000","98,000","98,000","98,000","0,00%"
"13.04.2017","98,000","98,000","98,000","97,750","0,00%"
"12.04.2017","98,000","98,000","98,000","97,750","0,00%"
"11.04.2017","98,000","98,000","98,000","97,750","0,00%"
"10.04.2017","98,000","97,875","98,000","97,875","0,00%"
"07.04.2017","98,000","98,000","98,000","97,500","0,00%"
"06.04.2017","98,000","98,000","98,000","97,500","0,00%"
"05.04.2017","98,000","98,000","98,000","97,750","0,00%"
"04.04.2017","98,000","98,000","98,000","97,750","0,00%"
"03.04.2017","98,000","98,000","98,000","98,000","0,00%"
"31.03.2017","98,000","98,000","98,000","97,875","0,00%"
"30.03.2017","98,000","98,250","98,250","97,875","-0,25%"
"29.03.2017","98,250","98,125","98,250","98,125","0,13%"
"28.03.2017","98,125","98,125","98,125","98,125","-0,38%"
"27.03.2017","98,500","98,500","98,500","98,125","0,00%"
"24.03.2017","98,500","98,500","98,500","98,500","0,00%"
"23.03.2017","98,500","98,500","98,500","98,500","-0,13%"
"22.03.2017","98,625","99,500","99,500","98,625","-2,11%"
"21.03.2017","100,750","99,600","100,750","99,600","1,15%"
"20.03.2017","99,600","99,600","99,600","99,600","0,00%"
"17.03.2017","99,600","99,600","99,600","99,600","0,00%"
"16.03.2017","99,600","99,600","99,600","99,600","0,00%"
"15.03.2017","99,600","99,600","99,600","99,600","0,00%"